,0
0,"00 July 10, 2016"
1,"00 July 10, 2016"
2,"01 July 10, 2016"
3,"04 July 10, 2016"
4,"01 July 10, 2016"
5,"03 July 10, 2016"
6,"03 July 10, 2016"
7,"04 July 10, 2016"
8,"04 July 10, 2016"
9,"06 July 10, 2016"
10,"06 July 10, 2016"
11,"06 July 10, 2016"
12,"07 July 10, 2016"
13,"07 July 10, 2016"
14,"07 July 10, 2016"
15,"07 July 10, 2016"
16,"07 July 10, 2016"
17,"08 July 10, 2016"
18,"08 July 10, 2016"
19,"08 July 10, 2016"
20,"00 November 19, 1969"
21,"08 July 10, 2016"
22,"08 July 10, 2016"
23,"08 July 10, 2016"
24,"08 July 10, 2016"
25,"08 July 10, 2016"
26,"08 July 10, 2016"
27,"08 July 10, 2016"
28,"08 July 10, 2016"
29,"08 July 10, 2016"
30,"08 July 10, 2016"
31,"08 July 10, 2016"
32,"08 July 10, 2016"
33,"09 July 10, 2016"
34,"09 July 10, 2016"
35,"09 July 10, 2016"
36,"09 July 10, 2016"
37,"09 July 10, 2016"
38,"09 July 10, 2016"
39,"09 July 10, 2016"
40,"09 July 10, 2016"
41,"09 July 10, 2016"
42,"09 July 10, 2016"
43,"01 January 01, 1900"
44,"01 January 01, 1900"
45,"02 January 01, 1900"
46,"04 January 01, 1900"
47,"10 July 10, 2016"
48,"10 July 10, 2016"
49,"10 July 10, 2016"
50,"10 July 10, 2016"
51,"10 July 10, 2016"
52,"10 July 10, 2016"
53,"10 July 10, 2016"
54,"10 July 10, 2016"
55,"10 July 10, 2016"
56,"10 July 10, 2016"
57,"10 July 10, 2016"
58,"10 July 10, 2016"
59,"10 July 10, 2016"
60,"00 June 07, 2016"
61,"10 July 10, 2016"
62,"10 July 10, 2016"
63,"00 June 19, 2016"
64,"11 July 10, 2016"
65,"11 July 10, 2016"
66,"11 July 10, 2016"
67,"11 July 10, 2016"
68,"11 July 10, 2016"
69,"11 July 10, 2016"
70,"11 July 10, 2016"
71,"11 July 10, 2016"
72,"11 July 10, 2016"
73,"12 July 10, 2016"
74,"12 July 10, 2016"
75,"12 July 10, 2016"
76,"12 July 10, 2016"
77,"12 July 10, 2016"
78,"12 July 10, 2016"
79,"12 July 10, 2016"
80,"12 July 10, 2016"
81,"12 July 10, 2016"
82,"12 July 10, 2016"
83,"12 July 10, 2016"
84,"12 July 10, 2016"
85,"12 July 10, 2016"
86,"12 July 10, 2016"
87,"12 July 10, 2016"
88,"12 July 10, 2016"
89,"12 July 10, 2016"
90,"12 July 10, 2016"
91,"12 July 10, 2016"
92,"12 July 10, 2016"
93,"12 July 10, 2016"
94,"12 July 10, 2016"
95,"12 July 10, 2016"
96,"13 July 10, 2016"
97,"13 July 10, 2016"
98,"13 July 10, 2016"
99,"13 July 10, 2016"
100,"13 July 10, 2016"
101,"13 July 10, 2016"
102,"13 July 10, 2016"
103,"13 July 10, 2016"
104,"13 July 10, 2016"
105,"13 July 10, 2016"
106,"13 July 10, 2016"
107,"13 July 10, 2016"
108,"13 July 10, 2016"
109,"14 July 10, 2016"
110,"14 July 10, 2016"
111,"14 July 10, 2016"
112,"14 July 10, 2016"
113,"14 July 10, 2016"
114,"14 July 10, 2016"
115,"15 July 10, 2016"
116,"15 July 10, 2016"
117,"15 July 10, 2016"
118,"00 November 19, 2016"
119,"15 July 10, 2016"
120,"15 July 10, 2016"
121,"16 July 10, 2016"
122,"16 July 10, 2016"
123,"16 July 10, 2016"
124,"16 July 10, 2016"
125,"16 July 10, 2016"
126,"16 July 10, 2016"
127,"16 July 10, 2016"
128,"16 July 10, 2016"
129,"16 July 10, 2016"
130,"16 July 10, 2016"
131,"16 July 10, 2016"
132,"17 July 10, 2016"
133,"17 July 10, 2016"
134,"17 July 10, 2016"
135,"17 July 10, 2016"
136,"17 July 10, 2016"
137,"17 July 10, 2016"
138,"17 July 10, 2016"
139,"17 July 10, 2016"
140,"17 July 10, 2016"
141,"17 July 10, 2016"
142,"18 July 10, 2016"
143,"18 July 10, 2016"
144,"18 July 10, 2016"
145,"18 July 10, 2016"
146,"18 July 10, 2016"
147,"18 July 10, 2016"
148,"18 July 10, 2016"
149,"18 July 10, 2016"
150,"00 March 19, 2016"
151,"18 July 10, 2016"
152,"18 July 10, 2016"
153,"18 July 10, 2016"
154,"18 July 10, 2016"
155,"18 July 10, 2016"
156,"18 July 10, 2016"
157,"19 July 10, 2016"
158,"00 July 19, 2016"
159,"19 July 10, 2016"
160,"19 July 10, 2016"
161,"19 July 10, 2016"
162,"19 July 10, 2016"
163,"19 July 10, 2016"
164,"20 July 10, 2016"
165,"20 July 10, 2016"
166,"20 July 10, 2016"
167,"20 July 10, 2016"
168,"20 July 10, 2016"
169,"20 July 10, 2016"
170,"20 July 10, 2016"
171,"20 July 10, 2016"
172,"20 July 10, 2016"
173,"21 July 10, 2016"
174,"00 January 02, 2016"
175,"21 July 10, 2016"
176,"21 July 10, 2016"
177,"21 July 10, 2016"
178,"21 July 10, 2016"
179,"21 July 10, 2016"
180,"21 July 10, 2016"
181,"21 July 10, 2016"
182,"21 July 10, 2016"
183,"21 July 10, 2016"
184,"21 July 10, 2016"
185,"21 July 10, 2016"
186,"21 July 10, 2016"
187,"21 July 10, 2016"
188,"22 July 10, 2016"
189,"22 July 10, 2016"
190,"23 July 10, 2016"
191,"23 July 10, 2016"
192,"00 July 11, 2016"
193,"01 July 11, 2016"
194,"01 July 11, 2016"
195,"03 July 11, 2016"
196,"05 July 11, 2016"
197,"05 July 11, 2016"
198,"05 July 11, 2016"
199,"05 July 11, 2016"
200,"00 January 19, 2016"
201,"05 July 11, 2016"
202,"05 July 11, 2016"
203,"05 July 11, 2016"
204,"05 July 11, 2016"
205,"06 July 11, 2016"
206,"06 July 11, 2016"
207,"00 July 19, 2016"
208,"06 July 11, 2016"
209,"06 July 11, 2016"
210,"06 July 11, 2016"
211,"06 July 11, 2016"
212,"06 July 11, 2016"
213,"07 July 11, 2016"
214,"07 July 11, 2016"
215,"07 July 11, 2016"
216,"07 July 11, 2016"
217,"07 July 11, 2016"
218,"00 November 05, 2063"
219,"07 July 11, 2016"
220,"07 July 11, 2016"
221,"07 July 11, 2016"
222,"07 July 11, 2016"
223,"07 July 11, 2016"
224,"08 July 11, 2016"
225,"08 July 11, 2016"
226,"08 July 11, 2016"
227,"08 July 11, 2016"
228,"08 July 11, 2016"
229,"08 July 11, 2016"
230,"08 July 11, 2016"
231,"08 July 11, 2016"
232,"08 July 11, 2016"
233,"08 July 11, 2016"
234,"08 July 11, 2016"
235,"08 July 11, 2016"
236,"08 July 11, 2016"
237,"09 July 11, 2016"
238,"09 July 11, 2016"
239,"09 July 11, 2016"
240,"09 July 11, 2016"
241,"09 July 11, 2016"
242,"09 July 11, 2016"
243,"09 July 11, 2016"
244,"09 July 11, 2016"
245,"09 July 11, 2016"
246,"09 July 11, 2016"
247,"09 July 11, 2016"
248,"09 July 11, 2016"
249,"09 July 11, 2016"
250,"09 July 11, 2016"
251,"09 July 11, 2016"
252,"09 July 11, 2016"
253,"09 July 11, 2016"
254,"10 July 11, 2016"
255,"10 July 11, 2016"
256,"10 July 11, 2016"
257,"10 July 11, 2016"
258,"10 July 11, 2016"
259,"10 July 11, 2016"
260,"10 July 11, 2016"
261,"10 July 11, 2016"
262,"10 July 11, 2016"
263,"00 November 14, 2016"
264,"10 July 11, 2016"
265,"10 July 11, 2016"
266,"10 July 11, 2016"
267,"10 July 11, 2016"
268,"10 July 11, 2016"
269,"10 July 11, 2016"
270,"10 July 11, 2016"
271,"10 July 11, 2016"
272,"10 July 11, 2016"
273,"10 July 11, 2016"
274,"10 July 11, 2016"
275,"10 July 11, 2016"
276,"10 July 11, 2016"
277,"10 July 11, 2016"
278,"11 July 11, 2016"
279,"11 July 11, 2016"
280,"11 July 11, 2016"
281,"11 July 11, 2016"
282,"11 July 11, 2016"
283,"11 July 11, 2016"
284,"11 July 11, 2016"
285,"12 July 11, 2016"
286,"12 July 11, 2016"
287,"12 July 11, 2016"
288,"12 July 11, 2016"
289,"12 July 11, 2016"
290,"12 July 11, 2016"
291,"12 July 11, 2016"
292,"12 July 11, 2016"
293,"13 July 11, 2016"
294,"03 January 01, 1900"
295,"13 July 11, 2016"
296,"13 July 11, 2016"
297,"13 July 11, 2016"
298,"13 July 11, 2016"
299,"13 July 11, 2016"
300,"13 July 11, 2016"
301,"13 July 11, 2016"
302,"13 July 11, 2016"
303,"13 July 11, 2016"
304,"13 July 11, 2016"
305,"13 July 11, 2016"
306,"14 July 11, 2016"
307,"14 July 11, 2016"
308,"14 July 11, 2016"
309,"14 July 11, 2016"
310,"14 July 11, 2016"
311,"14 July 11, 2016"
312,"14 July 11, 2016"
313,"14 July 11, 2016"
314,"14 July 11, 2016"
315,"14 July 11, 2016"
316,"14 July 11, 2016"
317,"15 July 11, 2016"
318,"15 July 11, 2016"
319,"15 July 11, 2016"
320,"00 January 01, 1900"
321,"15 July 11, 2016"
322,"15 July 11, 2016"
323,"16 July 11, 2016"
324,"16 July 11, 2016"
325,"16 July 11, 2016"
326,"16 July 11, 2016"
327,"16 July 11, 2016"
328,"16 July 11, 2016"
329,"16 July 11, 2016"
330,"16 July 11, 2016"
331,"16 July 11, 2016"
332,"16 July 11, 2016"
333,"16 July 11, 2016"
334,"17 July 11, 2016"
335,"17 July 11, 2016"
336,"17 July 11, 2016"
337,"17 July 11, 2016"
338,"17 July 11, 2016"
339,"17 July 11, 2016"
340,"17 July 11, 2016"
341,"17 July 11, 2016"
342,"17 July 11, 2016"
343,"17 July 11, 2016"
344,"18 July 11, 2016"
345,"18 July 11, 2016"
346,"18 July 11, 2016"
347,"18 July 11, 2016"
348,"18 July 11, 2016"
349,"18 July 11, 2016"
350,"18 July 11, 2016"
351,"18 July 11, 2016"
352,"18 July 11, 2016"
353,"19 July 11, 2016"
354,"19 July 11, 2016"
355,"19 July 11, 2016"
356,"19 July 11, 2016"
357,"19 July 11, 2016"
358,"19 July 11, 2016"
359,"19 July 11, 2016"
360,"19 July 11, 2016"
361,"19 July 11, 2016"
362,"19 July 11, 2016"
363,"19 July 11, 2016"
364,"19 July 11, 2016"
365,"20 July 11, 2016"
366,"20 July 11, 2016"
367,"20 July 11, 2016"
368,"20 July 11, 2016"
369,"20 July 11, 2016"
370,"20 July 11, 2016"
371,"20 July 11, 2016"
372,"21 July 11, 2016"
373,"21 July 11, 2016"
374,"21 July 11, 2016"
375,"21 July 11, 2016"
376,"21 July 11, 2016"
377,"21 July 11, 2016"
378,"21 July 11, 2016"
379,"21 July 11, 2016"
380,"21 July 11, 2016"
381,"21 July 11, 2016"
382,"22 July 11, 2016"
383,"22 July 11, 2016"
384,"22 July 11, 2016"
385,"22 July 11, 2016"
386,"22 July 11, 2016"
387,"22 July 11, 2016"
388,"22 July 11, 2016"
389,"23 July 11, 2016"
390,"23 July 11, 2016"
391,"23 July 11, 2016"
392,"23 July 11, 2016"
393,"23 July 11, 2016"
394,"00 July 12, 2016"
395,"01 July 12, 2016"
396,"04 July 12, 2016"
397,"04 July 12, 2016"
398,"04 July 12, 2016"
399,"04 July 12, 2016"
400,"05 July 12, 2016"
401,"05 July 12, 2016"
402,"06 July 12, 2016"
403,"00 November 19, 1803"
404,"06 July 12, 2016"
405,"06 July 12, 2016"
406,"06 July 12, 2016"
407,"06 July 12, 2016"
408,"06 July 12, 2016"
409,"06 July 12, 2016"
410,"06 July 12, 2016"
411,"06 July 12, 2016"
412,"07 July 12, 2016"
413,"07 July 12, 2016"
414,"07 July 12, 2016"
415,"07 July 12, 2016"
416,"07 July 12, 2016"
417,"07 July 12, 2016"
418,"07 July 12, 2016"
419,"07 July 12, 2016"
420,"08 July 12, 2016"
421,"08 July 12, 2016"
422,"08 July 12, 2016"
423,"09 July 12, 2016"
424,"09 July 12, 2016"
425,"09 July 12, 2016"
426,"09 July 12, 2016"
427,"09 July 12, 2016"
428,"09 July 12, 2016"
429,"10 July 12, 2016"
430,"10 July 12, 2016"
431,"10 July 12, 2016"
432,"10 July 12, 2016"
433,"10 July 12, 2016"
434,"10 July 12, 2016"
435,"10 July 12, 2016"
436,"10 July 12, 2016"
437,"10 July 12, 2016"
438,"10 July 12, 2016"
439,"11 July 12, 2016"
440,"11 July 12, 2016"
441,"11 July 12, 2016"
442,"11 July 12, 2016"
443,"11 July 12, 2016"
444,"11 July 12, 2016"
445,"11 July 12, 2016"
446,"11 July 12, 2016"
447,"11 July 12, 2016"
448,"11 July 12, 2016"
449,"12 July 12, 2016"
450,"12 July 12, 2016"
451,"12 July 12, 2016"
452,"12 July 12, 2016"
453,"12 July 12, 2016"
454,"12 July 12, 2016"
455,"12 July 12, 2016"
456,"12 July 12, 2016"
457,"13 July 12, 2016"
458,"13 July 12, 2016"
459,"13 July 12, 2016"
460,"13 July 12, 2016"
461,"13 July 12, 2016"
462,"13 July 12, 2016"
463,"13 July 12, 2016"
464,"13 July 12, 2016"
465,"13 July 12, 2016"
466,"13 July 12, 2016"
467,"14 July 12, 2016"
468,"14 July 12, 2016"
469,"14 July 12, 2016"
470,"14 July 12, 2016"
471,"14 July 12, 2016"
472,"14 July 12, 2016"
473,"14 July 12, 2016"
474,"14 July 12, 2016"
475,"14 July 12, 2016"
476,"14 July 12, 2016"
477,"15 July 12, 2016"
478,"15 July 12, 2016"
479,"15 July 12, 2016"
480,"15 July 12, 2016"
481,"15 July 12, 2016"
482,"16 July 12, 2016"
483,"19 November 19, 2016"
484,"16 July 12, 2016"
485,"16 July 12, 2016"
486,"16 July 12, 2016"
487,"16 July 12, 2016"
488,"16 July 12, 2016"
489,"16 July 12, 2016"
490,"17 July 12, 2016"
491,"17 July 12, 2016"
492,"17 July 12, 2016"
493,"17 July 12, 2016"
494,"17 July 12, 2016"
495,"17 July 12, 2016"
496,"17 July 12, 2016"
497,"17 July 12, 2016"
498,"17 July 12, 2016"
499,"18 July 12, 2016"
500,"18 July 12, 2016"
501,"18 July 12, 2016"
502,"18 July 12, 2016"
503,"18 July 12, 2016"
504,"18 July 12, 2016"
505,"18 July 12, 2016"
506,"18 July 12, 2016"
507,"18 July 12, 2016"
508,"18 July 12, 2016"
509,"18 July 12, 2016"
510,"18 July 12, 2016"
511,"18 July 12, 2016"
512,"18 July 12, 2016"
513,"00 November 19, 2066"
514,"19 July 12, 2016"
515,"19 July 12, 2016"
516,"19 July 12, 2016"
517,"19 July 12, 2016"
518,"19 July 12, 2016"
519,"19 July 12, 2016"
520,"19 July 12, 2016"
521,"19 July 12, 2016"
522,"19 July 12, 2016"
523,"19 July 12, 2016"
524,"19 July 12, 2016"
525,"19 July 12, 2016"
526,"19 July 12, 2016"
527,"19 July 12, 2016"
528,"19 July 12, 2016"
529,"19 July 12, 2016"
530,"20 July 12, 2016"
531,"20 July 12, 2016"
532,"20 July 12, 2016"
533,"20 July 12, 2016"
534,"20 July 12, 2016"
535,"20 July 12, 2016"
536,"20 July 12, 2016"
537,"20 July 12, 2016"
538,"20 July 12, 2016"
539,"20 July 12, 2016"
540,"20 July 12, 2016"
541,"20 July 12, 2016"
542,"20 July 12, 2016"
543,"21 July 12, 2016"
544,"21 July 12, 2016"
545,"21 July 12, 2016"
546,"21 July 12, 2016"
547,"21 July 12, 2016"
548,"21 July 12, 2016"
549,"21 July 12, 2016"
550,"21 July 12, 2016"
551,"22 July 12, 2016"
552,"22 July 12, 2016"
553,"22 July 12, 2016"
554,"22 July 12, 2016"
555,"22 July 12, 2016"
556,"22 July 12, 2016"
557,"22 July 12, 2016"
558,"22 July 12, 2016"
559,"23 July 12, 2016"
560,"23 July 12, 2016"
561,"23 July 12, 2016"
562,"23 July 12, 2016"
563,"00 July 13, 2016"
564,"00 July 13, 2016"
565,"02 July 13, 2016"
566,"02 July 13, 2016"
567,"04 July 13, 2016"
568,"05 July 13, 2016"
569,"05 July 13, 2016"
570,"05 July 13, 2016"
571,"06 July 13, 2016"
572,"06 July 13, 2016"
573,"06 July 13, 2016"
574,"06 July 13, 2016"
575,"06 July 13, 2016"
576,"06 July 13, 2016"
577,"06 July 13, 2016"
578,"06 July 13, 2016"
579,"06 July 13, 2016"
580,"06 July 13, 2016"
581,"06 July 13, 2016"
582,"06 July 13, 2016"
583,"06 July 13, 2016"
584,"07 July 13, 2016"
585,"07 July 13, 2016"
586,"07 July 13, 2016"
587,"07 July 13, 2016"
588,"07 July 13, 2016"
589,"07 July 13, 2016"
590,"07 July 13, 2016"
591,"07 July 13, 2016"
592,"07 July 13, 2016"
593,"07 July 13, 2016"
594,"07 July 13, 2016"
595,"08 July 13, 2016"
596,"08 July 13, 2016"
597,"08 July 13, 2016"
598,"00 May 19, 2016"
599,"08 July 13, 2016"
600,"08 July 13, 2016"
601,"08 July 13, 2016"
602,"08 July 13, 2016"
603,"08 July 13, 2016"
604,"08 July 13, 2016"
605,"08 July 13, 2016"
606,"08 July 13, 2016"
607,"08 July 13, 2016"
608,"08 July 13, 2016"
609,"08 July 13, 2016"
610,"08 July 13, 2016"
611,"08 July 13, 2016"
612,"08 July 13, 2016"
613,"08 July 13, 2016"
614,"09 July 13, 2016"
615,"09 July 13, 2016"
616,"09 July 13, 2016"
617,"09 July 13, 2016"
618,"09 July 13, 2016"
619,"09 July 13, 2016"
620,"09 July 13, 2016"
621,"10 July 13, 2016"
622,"10 July 13, 2016"
623,"10 July 13, 2016"
624,"10 July 13, 2016"
625,"10 July 13, 2016"
626,"10 July 13, 2016"
627,"10 July 13, 2016"
628,"10 July 13, 2016"
629,"10 July 13, 2016"
630,"10 July 13, 2016"
631,"10 July 13, 2016"
632,"10 July 13, 2016"
633,"10 July 13, 2016"
634,"11 July 13, 2016"
635,"11 July 13, 2016"
636,"11 July 13, 2016"
637,"11 July 13, 2016"
638,"11 July 13, 2016"
639,"11 July 13, 2016"
640,"11 July 13, 2016"
641,"11 July 13, 2016"
642,"11 July 13, 2016"
643,"11 July 13, 2016"
644,"11 July 13, 2016"
645,"12 July 13, 2016"
646,"12 July 13, 2016"
647,"12 July 13, 2016"
648,"12 July 13, 2016"
649,"12 July 13, 2016"
650,"12 July 13, 2016"
651,"12 July 13, 2016"
652,"12 July 13, 2016"
653,"12 July 13, 2016"
654,"12 July 13, 2016"
655,"12 July 13, 2016"
656,"12 July 13, 2016"
657,"13 July 13, 2016"
658,"13 July 13, 2016"
659,"13 July 13, 2016"
660,"13 July 13, 2016"
661,"13 July 13, 2016"
662,"13 July 13, 2016"
663,"14 July 13, 2016"
664,"14 July 13, 2016"
665,"14 July 13, 2016"
666,"14 July 13, 2016"
667,"14 July 13, 2016"
668,"15 July 13, 2016"
669,"15 July 13, 2016"
670,"15 July 13, 2016"
671,"15 July 13, 2016"
672,"15 July 13, 2016"
673,"16 July 13, 2016"
674,"16 July 13, 2016"
675,"16 July 13, 2016"
676,"16 July 13, 2016"
677,"16 July 13, 2016"
678,"16 July 13, 2016"
679,"00 November 13, 2016"
680,"17 July 13, 2016"
681,"17 July 13, 2016"
682,"17 July 13, 2016"
683,"17 July 13, 2016"
684,"17 July 13, 2016"
685,"17 July 13, 2016"
686,"17 July 13, 2016"
687,"00 March 19, 2016"
688,"17 July 13, 2016"
689,"17 July 13, 2016"
690,"17 July 13, 2016"
691,"17 July 13, 2016"
692,"17 July 13, 2016"
693,"17 July 13, 2016"
694,"00 November 20, 2016"
695,"17 July 13, 2016"
696,"17 July 13, 2016"
697,"18 July 13, 2016"
698,"18 July 13, 2016"
699,"18 July 13, 2016"
700,"00 March 19, 2016"
701,"18 July 13, 2016"
702,"18 July 13, 2016"
703,"18 July 13, 2016"
704,"18 July 13, 2016"
705,"18 July 13, 2016"
706,"18 July 13, 2016"
707,"18 July 13, 2016"
708,"18 July 13, 2016"
709,"18 July 13, 2016"
710,"18 July 13, 2016"
711,"18 July 13, 2016"
712,"18 July 13, 2016"
713,"19 July 13, 2016"
714,"19 July 13, 2016"
715,"19 July 13, 2016"
716,"19 July 13, 2016"
717,"19 July 13, 2016"
718,"19 July 13, 2016"
719,"19 July 13, 2016"
720,"20 July 13, 2016"
721,"20 July 13, 2016"
722,"20 July 13, 2016"
723,"20 July 13, 2016"
724,"20 July 13, 2016"
725,"20 July 13, 2016"
726,"20 July 13, 2016"
727,"20 July 13, 2016"
728,"20 July 13, 2016"
729,"20 July 13, 2016"
730,"20 July 13, 2016"
731,"20 July 13, 2016"
732,"20 July 13, 2016"
733,"20 July 13, 2016"
734,"20 July 13, 2016"
735,"21 July 13, 2016"
736,"21 July 13, 2016"
737,"21 July 13, 2016"
738,"21 July 13, 2016"
739,"21 July 13, 2016"
740,"21 July 13, 2016"
741,"21 July 13, 2016"
742,"21 July 13, 2016"
743,"21 July 13, 2016"
744,"21 July 13, 2016"
745,"22 July 13, 2016"
746,"22 July 13, 2016"
747,"22 July 13, 2016"
748,"22 July 13, 2016"
749,"23 July 13, 2016"
750,"23 July 13, 2016"
751,"00 November 19, 1905"
752,"23 July 13, 2016"
753,"23 July 13, 2016"
754,"23 July 13, 2016"
755,"23 July 13, 2016"
756,"23 July 13, 2016"
757,"23 July 13, 2016"
758,"23 July 13, 2016"
759,"23 July 13, 2016"
760,"23 July 13, 2016"
761,"00 July 14, 2016"
762,"00 July 14, 2016"
763,"00 July 14, 2016"
764,"03 July 14, 2016"
765,"04 July 14, 2016"
766,"05 July 14, 2016"
767,"05 July 14, 2016"
768,"06 July 14, 2016"
769,"06 July 14, 2016"
770,"07 July 14, 2016"
771,"07 July 14, 2016"
772,"07 July 14, 2016"
773,"07 July 14, 2016"
774,"07 July 14, 2016"
775,"07 July 14, 2016"
776,"07 July 14, 2016"
777,"07 July 14, 2016"
778,"07 July 14, 2016"
779,"05 January 01, 1900"
780,"07 July 14, 2016"
781,"07 July 14, 2016"
782,"08 July 14, 2016"
783,"08 July 14, 2016"
784,"08 July 14, 2016"
785,"11 November 19, 2016"
786,"08 July 14, 2016"
787,"08 July 14, 2016"
788,"08 July 14, 2016"
789,"08 July 14, 2016"
790,"08 July 14, 2016"
791,"08 July 14, 2016"
792,"08 July 14, 2016"
793,"08 July 14, 2016"
794,"08 July 14, 2016"
795,"08 July 14, 2016"
796,"08 July 14, 2016"
797,"09 July 14, 2016"
798,"09 July 14, 2016"
799,"09 July 14, 2016"
800,"09 July 14, 2016"
801,"09 July 14, 2016"
802,"09 July 14, 2016"
803,"09 July 14, 2016"
804,"09 July 14, 2016"
805,"09 July 14, 2016"
806,"09 July 14, 2016"
807,"09 July 14, 2016"
808,"09 July 14, 2016"
809,"09 July 14, 2016"
810,"09 July 14, 2016"
811,"09 July 14, 2016"
812,"09 July 14, 2016"
813,"10 July 14, 2016"
814,"10 July 14, 2016"
815,"10 July 14, 2016"
816,"10 July 14, 2016"
817,"10 July 14, 2016"
818,"10 July 14, 2016"
819,"02 January 01, 1900"
820,"10 July 14, 2016"
821,"10 July 14, 2016"
822,"10 July 14, 2016"
823,"10 July 14, 2016"
824,"11 July 14, 2016"
825,"11 July 14, 2016"
826,"11 July 14, 2016"
827,"11 July 14, 2016"
828,"11 July 14, 2016"
829,"11 July 14, 2016"
830,"11 July 14, 2016"
831,"11 July 14, 2016"
832,"12 July 14, 2016"
833,"12 July 14, 2016"
834,"12 July 14, 2016"
835,"12 July 14, 2016"
836,"13 July 14, 2016"
837,"13 July 14, 2016"
838,"13 July 14, 2016"
839,"13 July 14, 2016"
840,"13 July 14, 2016"
841,"13 July 14, 2016"
842,"14 July 14, 2016"
843,"14 July 14, 2016"
844,"14 July 14, 2016"
845,"00 January 01, 1900"
846,"14 July 14, 2016"
847,"14 July 14, 2016"
848,"14 July 14, 2016"
849,"15 July 14, 2016"
850,"15 July 14, 2016"
851,"15 July 14, 2016"
852,"15 July 14, 2016"
853,"15 July 14, 2016"
854,"15 July 14, 2016"
855,"15 July 14, 2016"
856,"15 July 14, 2016"
857,"15 July 14, 2016"
858,"15 July 14, 2016"
859,"16 July 14, 2016"
860,"16 July 14, 2016"
861,"16 July 14, 2016"
862,"16 July 14, 2016"
863,"16 July 14, 2016"
864,"17 July 14, 2016"
865,"17 July 14, 2016"
866,"17 July 14, 2016"
867,"17 July 14, 2016"
868,"17 July 14, 2016"
869,"17 July 14, 2016"
870,"17 July 14, 2016"
871,"17 July 14, 2016"
872,"17 July 14, 2016"
873,"17 July 14, 2016"
874,"18 July 14, 2016"
875,"18 July 14, 2016"
876,"18 July 14, 2016"
877,"18 July 14, 2016"
878,"18 July 14, 2016"
879,"18 July 14, 2016"
880,"18 July 14, 2016"
881,"18 July 14, 2016"
882,"18 July 14, 2016"
883,"18 July 14, 2016"
884,"18 July 14, 2016"
885,"18 July 14, 2016"
886,"18 July 14, 2016"
887,"18 July 14, 2016"
888,"18 July 14, 2016"
889,"18 July 14, 2016"
890,"18 July 14, 2016"
891,"19 July 14, 2016"
892,"19 July 14, 2016"
893,"19 July 14, 2016"
894,"19 July 14, 2016"
895,"19 July 14, 2016"
896,"19 July 14, 2016"
897,"19 July 14, 2016"
898,"20 July 14, 2016"
899,"20 July 14, 2016"
900,"20 July 14, 2016"
901,"20 July 14, 2016"
902,"20 July 14, 2016"
903,"20 July 14, 2016"
904,"00 July 04, 2016"
905,"20 July 14, 2016"
906,"20 July 14, 2016"
907,"20 July 14, 2016"
908,"21 July 14, 2016"
909,"21 July 14, 2016"
910,"21 July 14, 2016"
911,"21 July 14, 2016"
912,"21 July 14, 2016"
913,"21 July 14, 2016"
914,"21 July 14, 2016"
915,"21 July 14, 2016"
916,"22 July 14, 2016"
917,"22 July 14, 2016"
918,"22 July 14, 2016"
919,"22 July 14, 2016"
920,"22 July 14, 2016"
921,"22 July 14, 2016"
922,"22 July 14, 2016"
923,"22 July 14, 2016"
924,"23 July 14, 2016"
925,"23 July 14, 2016"
926,"23 July 14, 2016"
927,"23 July 14, 2016"
928,"00 July 15, 2016"
929,"00 July 15, 2016"
930,"01 July 15, 2016"
931,"03 July 15, 2016"
932,"04 July 15, 2016"
933,"04 July 15, 2016"
934,"04 July 15, 2016"
935,"04 July 15, 2016"
936,"04 July 15, 2016"
937,"05 July 15, 2016"
938,"05 July 15, 2016"
939,"05 July 15, 2016"
940,"05 July 15, 2016"
941,"05 July 15, 2016"
942,"06 July 15, 2016"
943,"06 July 15, 2016"
944,"06 July 15, 2016"
945,"06 July 15, 2016"
946,"06 July 15, 2016"
947,"06 July 15, 2016"
948,"06 July 15, 2016"
949,"06 July 15, 2016"
950,"06 July 15, 2016"
951,"07 July 15, 2016"
952,"00 July 14, 1926"
953,"07 July 15, 2016"
954,"07 July 15, 2016"
955,"07 July 15, 2016"
956,"07 July 15, 2016"
957,"07 July 15, 2016"
958,"07 July 15, 2016"
959,"07 July 15, 2016"
960,"08 July 15, 2016"
961,"00 November 13, 2016"
962,"08 July 15, 2016"
963,"08 July 15, 2016"
964,"08 July 15, 2016"
965,"08 July 15, 2016"
966,"08 July 15, 2016"
967,"08 July 15, 2016"
968,"08 July 15, 2016"
969,"08 July 15, 2016"
970,"08 July 15, 2016"
971,"08 July 15, 2016"
972,"08 July 15, 2016"
973,"08 July 15, 2016"
974,"08 July 15, 2016"
975,"08 July 15, 2016"
976,"08 July 15, 2016"
977,"08 July 15, 2016"
978,"08 July 15, 2016"
979,"08 July 15, 2016"
980,"08 July 15, 2016"
981,"09 July 15, 2016"
982,"09 July 15, 2016"
983,"09 July 15, 2016"
984,"09 July 15, 2016"
985,"09 July 15, 2016"
986,"09 July 15, 2016"
987,"09 July 15, 2016"
988,"09 July 15, 2016"
989,"09 July 15, 2016"
990,"09 July 15, 2016"
991,"07 January 01, 1900"
992,"10 July 15, 2016"
993,"10 July 15, 2016"
994,"10 July 15, 2016"
995,"00 November 19, 2016"
996,"10 July 15, 2016"
997,"10 July 15, 2016"
998,"10 July 15, 2016"
999,"11 July 15, 2016"
1000,"11 July 15, 2016"
1001,"11 July 15, 2016"
1002,"11 July 15, 2016"
1003,"11 July 15, 2016"
1004,"11 July 15, 2016"
1005,"11 July 15, 2016"
1006,"12 July 15, 2016"
1007,"12 July 15, 2016"
1008,"12 July 15, 2016"
1009,"12 July 15, 2016"
1010,"12 July 15, 2016"
1011,"12 July 15, 2016"
1012,"12 July 15, 2016"
1013,"12 July 15, 2016"
1014,"12 July 15, 2016"
1015,"12 July 15, 2016"
1016,"13 July 15, 2016"
1017,"13 July 15, 2016"
1018,"13 July 15, 2016"
1019,"13 July 15, 2016"
1020,"13 July 15, 2016"
1021,"13 July 15, 2016"
1022,"13 July 15, 2016"
1023,"13 July 15, 2016"
1024,"13 July 15, 2016"
1025,"13 July 15, 2016"
1026,"13 July 15, 2016"
1027,"13 July 15, 2016"
1028,"14 July 15, 2016"
1029,"14 July 15, 2016"
1030,"14 July 15, 2016"
1031,"14 July 15, 2016"
1032,"14 July 15, 2016"
1033,"14 July 15, 2016"
1034,"15 July 15, 2016"
1035,"15 July 15, 2016"
1036,"15 July 15, 2016"
1037,"15 July 15, 2016"
1038,"15 July 15, 2016"
1039,"15 July 15, 2016"
1040,"15 July 15, 2016"
1041,"15 July 15, 2016"
1042,"15 July 15, 2016"
1043,"16 July 15, 2016"
1044,"16 July 15, 2016"
1045,"16 July 15, 2016"
1046,"16 July 15, 2016"
1047,"16 July 15, 2016"
1048,"16 July 15, 2016"
1049,"16 July 15, 2016"
1050,"16 July 15, 2016"
1051,"16 July 15, 2016"
1052,"16 July 15, 2016"
1053,"16 July 15, 2016"
1054,"16 July 15, 2016"
1055,"16 July 15, 2016"
1056,"16 July 15, 2016"
1057,"16 July 15, 2016"
1058,"16 July 15, 2016"
1059,"17 July 15, 2016"
1060,"17 July 15, 2016"
1061,"17 July 15, 2016"
1062,"17 July 15, 2016"
1063,"17 July 15, 2016"
1064,"17 July 15, 2016"
1065,"17 July 15, 2016"
1066,"17 July 15, 2016"
1067,"17 July 15, 2016"
1068,"17 July 15, 2016"
1069,"17 July 15, 2016"
1070,"17 July 15, 2016"
1071,"17 July 15, 2016"
1072,"17 July 15, 2016"
1073,"17 July 15, 2016"
1074,"17 July 15, 2016"
1075,"17 July 15, 2016"
1076,"17 July 15, 2016"
1077,"18 July 15, 2016"
1078,"18 July 15, 2016"
1079,"18 July 15, 2016"
1080,"18 July 15, 2016"
1081,"18 July 15, 2016"
1082,"18 July 15, 2016"
1083,"18 July 15, 2016"
1084,"18 July 15, 2016"
1085,"18 July 15, 2016"
1086,"18 July 15, 2016"
1087,"18 July 15, 2016"
1088,"19 July 15, 2016"
1089,"19 July 15, 2016"
1090,"19 July 15, 2016"
1091,"19 July 15, 2016"
1092,"19 July 15, 2016"
1093,"19 July 15, 2016"
1094,"19 July 15, 2016"
1095,"19 July 15, 2016"
1096,"19 July 15, 2016"
1097,"19 July 15, 2016"
1098,"19 July 15, 2016"
1099,"19 July 15, 2016"
1100,"19 July 15, 2016"
1101,"19 July 15, 2016"
1102,"19 July 15, 2016"
1103,"19 July 15, 2016"
1104,"19 July 15, 2016"
1105,"19 July 15, 2016"
1106,"19 July 15, 2016"
1107,"19 July 15, 2016"
1108,"19 July 15, 2016"
1109,"20 July 15, 2016"
1110,"20 July 15, 2016"
1111,"20 July 15, 2016"
1112,"20 July 15, 2016"
1113,"00 March 19, 1875"
1114,"20 July 15, 2016"
1115,"20 July 15, 2016"
1116,"20 July 15, 2016"
1117,"20 July 15, 2016"
1118,"20 July 15, 2016"
1119,"20 July 15, 2016"
1120,"20 July 15, 2016"
1121,"20 July 15, 2016"
1122,"20 July 15, 2016"
1123,"20 July 15, 2016"
1124,"20 July 15, 2016"
1125,"20 July 15, 2016"
1126,"20 July 15, 2016"
1127,"20 July 15, 2016"
1128,"20 July 15, 2016"
1129,"20 July 15, 2016"
1130,"20 July 15, 2016"
1131,"20 July 15, 2016"
1132,"20 July 15, 2016"
1133,"20 July 15, 2016"
1134,"20 July 15, 2016"
1135,"20 July 15, 2016"
1136,"20 July 15, 2016"
1137,"20 July 15, 2016"
1138,"20 July 15, 2016"
1139,"20 July 15, 2016"
1140,"20 July 15, 2016"
1141,"20 July 15, 2016"
1142,"20 July 15, 2016"
1143,"21 July 15, 2016"
1144,"21 July 15, 2016"
1145,"21 July 15, 2016"
1146,"21 July 15, 2016"
1147,"21 July 15, 2016"
1148,"21 July 15, 2016"
1149,"21 July 15, 2016"
1150,"21 July 15, 2016"
1151,"21 July 15, 2016"
1152,"21 July 15, 2016"
1153,"21 July 15, 2016"
1154,"21 July 15, 2016"
1155,"21 July 15, 2016"
1156,"21 July 15, 2016"
1157,"21 July 15, 2016"
1158,"21 July 15, 2016"
1159,"21 July 15, 2016"
1160,"21 July 15, 2016"
1161,"21 July 15, 2016"
1162,"21 July 15, 2016"
1163,"21 July 15, 2016"
1164,"21 July 15, 2016"
1165,"21 July 15, 2016"
1166,"21 July 15, 2016"
1167,"21 July 15, 2016"
1168,"21 July 15, 2016"
1169,"21 July 15, 2016"
1170,"21 July 15, 2016"
1171,"21 July 15, 2016"
1172,"21 July 15, 2016"
1173,"21 July 15, 2016"
1174,"21 July 15, 2016"
1175,"21 July 15, 2016"
1176,"21 July 15, 2016"
1177,"21 July 15, 2016"
1178,"21 July 15, 2016"
1179,"21 July 15, 2016"
1180,"21 July 15, 2016"
1181,"21 July 15, 2016"
1182,"21 July 15, 2016"
1183,"21 July 15, 2016"
1184,"21 July 15, 2016"
1185,"21 July 15, 2016"
1186,"21 July 15, 2016"
1187,"21 July 15, 2016"
1188,"21 July 15, 2016"
1189,"21 July 15, 2016"
1190,"21 July 15, 2016"
1191,"21 July 15, 2016"
1192,"21 July 15, 2016"
1193,"21 July 15, 2016"
1194,"21 July 15, 2016"
1195,"21 July 15, 2016"
1196,"21 July 15, 2016"
1197,"21 July 15, 2016"
1198,"21 July 15, 2016"
1199,"21 July 15, 2016"
1200,"21 July 15, 2016"
1201,"21 July 15, 2016"
1202,"21 July 15, 2016"
1203,"21 July 15, 2016"
1204,"21 July 15, 2016"
1205,"21 July 15, 2016"
1206,"21 July 15, 2016"
1207,"21 July 15, 2016"
1208,"21 July 15, 2016"
1209,"21 July 15, 2016"
1210,"07 January 01, 1900"
1211,"21 July 15, 2016"
1212,"21 July 15, 2016"
1213,"21 July 15, 2016"
1214,"21 July 15, 2016"
1215,"22 July 15, 2016"
1216,"22 July 15, 2016"
1217,"22 July 15, 2016"
1218,"22 July 15, 2016"
1219,"22 July 15, 2016"
1220,"22 July 15, 2016"
1221,"22 July 15, 2016"
1222,"22 July 15, 2016"
1223,"22 July 15, 2016"
1224,"22 July 15, 2016"
1225,"22 July 15, 2016"
1226,"22 July 15, 2016"
1227,"22 July 15, 2016"
1228,"22 July 15, 2016"
1229,"22 July 15, 2016"
1230,"22 July 15, 2016"
1231,"22 July 15, 2016"
1232,"22 July 15, 2016"
1233,"22 July 15, 2016"
1234,"22 July 15, 2016"
1235,"22 July 15, 2016"
1236,"22 July 15, 2016"
1237,"22 July 15, 2016"
1238,"22 July 15, 2016"
1239,"22 July 15, 2016"
1240,"22 July 15, 2016"
1241,"22 July 15, 2016"
1242,"22 July 15, 2016"
1243,"22 July 15, 2016"
1244,"22 July 15, 2016"
1245,"22 July 15, 2016"
1246,"22 July 15, 2016"
1247,"22 July 15, 2016"
1248,"22 July 15, 2016"
1249,"22 July 15, 2016"
1250,"22 July 15, 2016"
1251,"22 July 15, 2016"
1252,"22 July 15, 2016"
1253,"22 July 15, 2016"
1254,"22 July 15, 2016"
1255,"01 March 19, 2016"
1256,"00 January 19, 2016"
1257,"22 July 15, 2016"
1258,"22 July 15, 2016"
1259,"22 July 15, 2016"
1260,"22 July 15, 2016"
1261,"22 July 15, 2016"
1262,"22 July 15, 2016"
1263,"22 July 15, 2016"
1264,"22 July 15, 2016"
1265,"22 July 15, 2016"
1266,"22 July 15, 2016"
1267,"22 July 15, 2016"
1268,"22 July 15, 2016"
1269,"22 July 15, 2016"
1270,"22 July 15, 2016"
1271,"22 July 15, 2016"
1272,"22 July 15, 2016"
1273,"22 July 15, 2016"
1274,"22 July 15, 2016"
1275,"22 July 15, 2016"
1276,"22 July 15, 2016"
1277,"00 June 05, 2016"
1278,"22 July 15, 2016"
1279,"22 July 15, 2016"
1280,"22 July 15, 2016"
1281,"22 July 15, 2016"
1282,"22 July 15, 2016"
1283,"22 July 15, 2016"
1284,"22 July 15, 2016"
1285,"22 July 15, 2016"
1286,"22 July 15, 2016"
1287,"22 July 15, 2016"
1288,"22 July 15, 2016"
1289,"22 July 15, 2016"
1290,"22 July 15, 2016"
1291,"22 July 15, 2016"
1292,"22 July 15, 2016"
1293,"22 July 15, 2016"
1294,"22 July 15, 2016"
1295,"22 July 15, 2016"
1296,"22 July 15, 2016"
1297,"22 July 15, 2016"
1298,"22 July 15, 2016"
1299,"22 July 15, 2016"
1300,"23 July 15, 2016"
1301,"23 July 15, 2016"
1302,"23 July 15, 2016"
1303,"23 July 15, 2016"
1304,"23 July 15, 2016"
1305,"23 July 15, 2016"
1306,"23 July 15, 2016"
1307,"23 July 15, 2016"
1308,"23 July 15, 2016"
1309,"23 July 15, 2016"
1310,"23 July 15, 2016"
1311,"23 July 15, 2016"
1312,"23 July 15, 2016"
1313,"23 July 15, 2016"
1314,"23 July 15, 2016"
1315,"00 March 19, 2016"
1316,"23 July 15, 2016"
1317,"23 July 15, 2016"
1318,"23 July 15, 2016"
1319,"23 July 15, 2016"
1320,"23 July 15, 2016"
1321,"23 July 15, 2016"
1322,"23 July 15, 2016"
1323,"23 July 15, 2016"
1324,"23 July 15, 2016"
1325,"23 July 15, 2016"
1326,"23 July 15, 2016"
1327,"23 July 15, 2016"
1328,"23 July 15, 2016"
1329,"23 July 15, 2016"
1330,"23 July 15, 2016"
1331,"23 July 15, 2016"
1332,"23 July 15, 2016"
1333,"23 July 15, 2016"
1334,"23 July 15, 2016"
1335,"23 July 15, 2016"
1336,"23 July 15, 2016"
1337,"23 July 15, 2016"
1338,"23 July 15, 2016"
1339,"23 July 15, 2016"
1340,"23 July 15, 2016"
1341,"23 July 15, 2016"
1342,"23 July 15, 2016"
1343,"23 July 15, 2016"
1344,"23 July 15, 2016"
1345,"23 July 15, 2016"
1346,"23 July 15, 2016"
1347,"23 July 15, 2016"
1348,"23 July 15, 2016"
1349,"23 July 15, 2016"
1350,"23 July 15, 2016"
1351,"23 July 15, 2016"
1352,"23 July 15, 2016"
1353,"23 July 15, 2016"
1354,"23 July 15, 2016"
1355,"23 July 15, 2016"
1356,"23 July 15, 2016"
1357,"23 July 15, 2016"
1358,"23 July 15, 2016"
1359,"00 July 16, 2016"
1360,"00 July 16, 2016"
1361,"00 July 16, 2016"
1362,"00 July 16, 2016"
1363,"00 July 16, 2016"
1364,"00 July 16, 2016"
1365,"00 July 16, 2016"
1366,"00 July 16, 2016"
1367,"00 July 16, 2016"
1368,"00 July 16, 2016"
1369,"00 July 16, 2016"
1370,"00 July 16, 2016"
1371,"00 July 16, 2016"
1372,"00 July 16, 2016"
1373,"00 July 16, 2016"
1374,"00 July 16, 2016"
1375,"00 July 16, 2016"
1376,"00 July 16, 2016"
1377,"00 July 16, 2016"
1378,"00 July 16, 2016"
1379,"00 July 16, 2016"
1380,"00 July 16, 2016"
1381,"00 July 16, 2016"
1382,"00 July 16, 2016"
1383,"00 July 16, 2016"
1384,"00 July 16, 2016"
1385,"00 July 16, 2016"
1386,"00 July 16, 2016"
1387,"00 July 16, 2016"
1388,"00 July 16, 2016"
1389,"00 July 16, 2016"
1390,"00 July 16, 2016"
1391,"00 July 16, 2016"
1392,"00 July 16, 2016"
1393,"00 July 16, 2016"
1394,"01 July 16, 2016"
1395,"01 July 16, 2016"
1396,"01 July 16, 2016"
1397,"01 July 16, 2016"
1398,"01 July 16, 2016"
1399,"01 July 16, 2016"
1400,"10 November 19, 2016"
1401,"02 April 03, 1603"
1402,"01 July 16, 2016"
1403,"01 July 16, 2016"
1404,"01 July 16, 2016"
1405,"02 July 16, 2016"
1406,"02 July 16, 2016"
1407,"02 July 16, 2016"
1408,"02 July 16, 2016"
1409,"02 July 16, 2016"
1410,"02 July 16, 2016"
1411,"03 July 16, 2016"
1412,"03 July 16, 2016"
1413,"03 July 16, 2016"
1414,"03 July 16, 2016"
1415,"03 July 16, 2016"
1416,"03 July 16, 2016"
1417,"04 July 16, 2016"
1418,"04 July 16, 2016"
1419,"05 July 16, 2016"
1420,"05 July 16, 2016"
1421,"05 July 16, 2016"
1422,"05 July 16, 2016"
1423,"05 July 16, 2016"
1424,"05 July 16, 2016"
1425,"05 July 16, 2016"
1426,"05 July 16, 2016"
1427,"06 July 16, 2016"
1428,"06 July 16, 2016"
1429,"06 July 16, 2016"
1430,"06 July 16, 2016"
1431,"06 July 16, 2016"
1432,"06 July 16, 2016"
1433,"06 July 16, 2016"
1434,"06 July 16, 2016"
1435,"06 July 16, 2016"
1436,"06 July 16, 2016"
1437,"06 July 16, 2016"
1438,"06 July 16, 2016"
1439,"06 July 16, 2016"
1440,"06 July 16, 2016"
1441,"06 July 16, 2016"
1442,"06 July 16, 2016"
1443,"06 July 16, 2016"
1444,"06 July 16, 2016"
1445,"07 July 16, 2016"
1446,"07 July 16, 2016"
1447,"07 July 16, 2016"
1448,"07 July 16, 2016"
1449,"07 July 16, 2016"
1450,"07 July 16, 2016"
1451,"07 July 16, 2016"
1452,"07 July 16, 2016"
1453,"07 July 16, 2016"
1454,"07 July 16, 2016"
1455,"07 July 16, 2016"
1456,"07 July 16, 2016"
1457,"07 July 16, 2016"
1458,"07 July 16, 2016"
1459,"07 July 16, 2016"
1460,"07 July 16, 2016"
1461,"07 July 16, 2016"
1462,"07 July 16, 2016"
1463,"07 July 16, 2016"
1464,"07 July 16, 2016"
1465,"07 July 16, 2016"
1466,"07 July 16, 2016"
1467,"07 July 16, 2016"
1468,"07 July 16, 2016"
1469,"07 July 16, 2016"
1470,"00 November 19, 2016"
1471,"07 July 16, 2016"
1472,"07 July 16, 2016"
1473,"07 July 16, 2016"
1474,"07 July 16, 2016"
1475,"07 July 16, 2016"
1476,"00 November 15, 2065"
1477,"07 July 16, 2016"
1478,"07 July 16, 2016"
1479,"07 July 16, 2016"
1480,"07 July 16, 2016"
1481,"07 July 16, 2016"
1482,"07 July 16, 2016"
1483,"07 July 16, 2016"
1484,"07 July 16, 2016"
1485,"08 July 16, 2016"
1486,"08 July 16, 2016"
1487,"08 July 16, 2016"
1488,"08 July 16, 2016"
1489,"08 July 16, 2016"
1490,"08 July 16, 2016"
1491,"08 July 16, 2016"
1492,"08 July 16, 2016"
1493,"08 July 16, 2016"
1494,"08 July 16, 2016"
1495,"08 July 16, 2016"
1496,"08 July 16, 2016"
1497,"08 July 16, 2016"
1498,"08 July 16, 2016"
1499,"08 July 16, 2016"
1500,"08 July 16, 2016"
1501,"08 July 16, 2016"
1502,"08 July 16, 2016"
1503,"08 July 16, 2016"
1504,"08 July 16, 2016"
1505,"08 July 16, 2016"
1506,"08 July 16, 2016"
1507,"08 July 16, 2016"
1508,"08 July 16, 2016"
1509,"08 July 16, 2016"
1510,"08 July 16, 2016"
1511,"08 July 16, 2016"
1512,"00 September 19, 2016"
1513,"00 December 19, 2016"
1514,"08 July 16, 2016"
1515,"08 July 16, 2016"
1516,"08 July 16, 2016"
1517,"08 July 16, 2016"
1518,"08 July 16, 2016"
1519,"08 July 16, 2016"
1520,"08 July 16, 2016"
1521,"08 July 16, 2016"
1522,"08 July 16, 2016"
1523,"08 July 16, 2016"
1524,"08 July 16, 2016"
1525,"08 July 16, 2016"
1526,"08 July 16, 2016"
1527,"08 July 16, 2016"
1528,"08 July 16, 2016"
1529,"08 July 16, 2016"
1530,"08 July 16, 2016"
1531,"08 July 16, 2016"
1532,"08 July 16, 2016"
1533,"08 July 16, 2016"
1534,"08 July 16, 2016"
1535,"08 July 16, 2016"
1536,"08 July 16, 2016"
1537,"08 July 16, 2016"
1538,"08 July 16, 2016"
1539,"08 July 16, 2016"
1540,"09 July 16, 2016"
1541,"09 July 16, 2016"
1542,"09 July 16, 2016"
1543,"09 July 16, 2016"
1544,"09 July 16, 2016"
1545,"09 July 16, 2016"
1546,"09 July 16, 2016"
1547,"09 July 16, 2016"
1548,"09 July 16, 2016"
1549,"09 July 16, 2016"
1550,"09 July 16, 2016"
1551,"09 July 16, 2016"
1552,"09 July 16, 2016"
1553,"09 July 16, 2016"
1554,"09 July 16, 2016"
1555,"09 July 16, 2016"
1556,"09 July 16, 2016"
1557,"09 July 16, 2016"
1558,"09 July 16, 2016"
1559,"09 July 16, 2016"
1560,"09 July 16, 2016"
1561,"09 July 16, 2016"
1562,"09 July 16, 2016"
1563,"09 July 16, 2016"
1564,"09 July 16, 2016"
1565,"09 July 16, 2016"
1566,"09 July 16, 2016"
1567,"09 July 16, 2016"
1568,"09 July 16, 2016"
1569,"09 July 16, 2016"
1570,"09 July 16, 2016"
1571,"09 July 16, 2016"
1572,"09 July 16, 2016"
1573,"09 July 16, 2016"
1574,"09 July 16, 2016"
1575,"09 July 16, 2016"
1576,"09 July 16, 2016"
1577,"09 July 16, 2016"
1578,"09 July 16, 2016"
1579,"09 July 16, 2016"
1580,"09 July 16, 2016"
1581,"09 July 16, 2016"
1582,"09 July 16, 2016"
1583,"09 July 16, 2016"
1584,"09 July 16, 2016"
1585,"09 July 16, 2016"
1586,"09 July 16, 2016"
1587,"09 July 16, 2016"
1588,"09 July 16, 2016"
1589,"09 July 16, 2016"
1590,"09 July 16, 2016"
1591,"09 July 16, 2016"
1592,"09 July 16, 2016"
1593,"09 July 16, 2016"
1594,"09 July 16, 2016"
1595,"09 July 16, 2016"
1596,"09 July 16, 2016"
1597,"09 July 16, 2016"
1598,"09 July 16, 2016"
1599,"10 July 16, 2016"
1600,"10 July 16, 2016"
1601,"10 July 16, 2016"
1602,"10 July 16, 2016"
1603,"10 July 16, 2016"
1604,"10 July 16, 2016"
1605,"10 July 16, 2016"
1606,"10 July 16, 2016"
1607,"10 July 16, 2016"
1608,"10 July 16, 2016"
1609,"10 July 16, 2016"
1610,"10 July 16, 2016"
1611,"10 July 16, 2016"
1612,"10 July 16, 2016"
1613,"10 July 16, 2016"
1614,"10 July 16, 2016"
1615,"10 July 16, 2016"
1616,"10 July 16, 2016"
1617,"10 July 16, 2016"
1618,"10 July 16, 2016"
1619,"10 July 16, 2016"
1620,"10 July 16, 2016"
1621,"10 July 16, 2016"
1622,"10 July 16, 2016"
1623,"10 July 16, 2016"
1624,"10 July 16, 2016"
1625,"10 July 16, 2016"
1626,"10 July 16, 2016"
1627,"10 July 16, 2016"
1628,"10 July 16, 2016"
1629,"10 July 16, 2016"
1630,"10 July 16, 2016"
1631,"10 July 16, 2016"
1632,"10 July 16, 2016"
1633,"10 July 16, 2016"
1634,"10 July 16, 2016"
1635,"10 July 16, 2016"
1636,"10 July 16, 2016"
1637,"10 July 16, 2016"
1638,"10 July 16, 2016"
1639,"10 July 16, 2016"
1640,"10 July 16, 2016"
1641,"10 July 16, 2016"
1642,"10 July 16, 2016"
1643,"10 July 16, 2016"
1644,"10 July 16, 2016"
1645,"10 July 16, 2016"
1646,"10 July 16, 2016"
1647,"10 July 16, 2016"
1648,"10 July 16, 2016"
1649,"10 July 16, 2016"
1650,"10 July 16, 2016"
1651,"10 July 16, 2016"
1652,"10 July 16, 2016"
1653,"10 July 16, 2016"
1654,"10 July 16, 2016"
1655,"10 July 16, 2016"
1656,"10 July 16, 2016"
1657,"11 July 16, 2016"
1658,"11 July 16, 2016"
1659,"11 July 16, 2016"
1660,"11 July 16, 2016"
1661,"11 July 16, 2016"
1662,"11 July 16, 2016"
1663,"11 July 16, 2016"
1664,"11 July 16, 2016"
1665,"11 July 16, 2016"
1666,"11 July 16, 2016"
1667,"11 July 16, 2016"
1668,"11 July 16, 2016"
1669,"11 July 16, 2016"
1670,"11 July 16, 2016"
1671,"11 July 16, 2016"
1672,"11 July 16, 2016"
1673,"11 July 16, 2016"
1674,"11 July 16, 2016"
1675,"11 July 16, 2016"
1676,"11 July 16, 2016"
1677,"11 July 16, 2016"
1678,"11 July 16, 2016"
1679,"11 July 16, 2016"
1680,"11 July 16, 2016"
1681,"11 July 16, 2016"
1682,"11 July 16, 2016"
1683,"11 July 16, 2016"
1684,"11 July 16, 2016"
1685,"11 July 16, 2016"
1686,"11 July 16, 2016"
1687,"11 July 16, 2016"
1688,"11 July 16, 2016"
1689,"11 July 16, 2016"
1690,"11 July 16, 2016"
1691,"11 July 16, 2016"
1692,"11 July 16, 2016"
1693,"11 July 16, 2016"
1694,"11 July 16, 2016"
1695,"11 July 16, 2016"
1696,"11 July 16, 2016"
1697,"11 July 16, 2016"
1698,"11 July 16, 2016"
1699,"11 July 16, 2016"
1700,"11 July 16, 2016"
1701,"11 July 16, 2016"
1702,"11 July 16, 2016"
1703,"11 July 16, 2016"
1704,"11 July 16, 2016"
1705,"11 July 16, 2016"
1706,"11 July 16, 2016"
1707,"12 July 16, 2016"
1708,"12 July 16, 2016"
1709,"12 July 16, 2016"
1710,"12 July 16, 2016"
1711,"12 July 16, 2016"
1712,"12 July 16, 2016"
1713,"12 July 16, 2016"
1714,"12 July 16, 2016"
1715,"00 March 19, 2016"
1716,"12 July 16, 2016"
1717,"12 July 16, 2016"
1718,"12 July 16, 2016"
1719,"12 July 16, 2016"
1720,"12 July 16, 2016"
1721,"12 July 16, 2016"
1722,"12 July 16, 2016"
1723,"12 July 16, 2016"
1724,"12 July 16, 2016"
1725,"12 July 16, 2016"
1726,"12 July 16, 2016"
1727,"12 July 16, 2016"
1728,"12 July 16, 2016"
1729,"12 July 16, 2016"
1730,"12 July 16, 2016"
1731,"12 July 16, 2016"
1732,"12 July 16, 2016"
1733,"12 July 16, 2016"
1734,"12 July 16, 2016"
1735,"12 July 16, 2016"
1736,"12 July 16, 2016"
1737,"12 July 16, 2016"
1738,"12 July 16, 2016"
1739,"12 July 16, 2016"
1740,"12 July 16, 2016"
1741,"12 July 16, 2016"
1742,"12 July 16, 2016"
1743,"12 July 16, 2016"
1744,"12 July 16, 2016"
1745,"12 July 16, 2016"
1746,"12 July 16, 2016"
1747,"12 July 16, 2016"
1748,"12 July 16, 2016"
1749,"13 July 16, 2016"
1750,"13 July 16, 2016"
1751,"13 July 16, 2016"
1752,"13 July 16, 2016"
1753,"13 July 16, 2016"
1754,"13 July 16, 2016"
1755,"13 July 16, 2016"
1756,"13 July 16, 2016"
1757,"13 July 16, 2016"
1758,"13 July 16, 2016"
1759,"13 July 16, 2016"
1760,"13 July 16, 2016"
1761,"13 July 16, 2016"
1762,"13 July 16, 2016"
1763,"13 July 16, 2016"
1764,"13 July 16, 2016"
1765,"13 July 16, 2016"
1766,"13 July 16, 2016"
1767,"13 July 16, 2016"
1768,"13 July 16, 2016"
1769,"13 July 16, 2016"
1770,"13 July 16, 2016"
1771,"13 July 16, 2016"
1772,"13 July 16, 2016"
1773,"13 July 16, 2016"
1774,"13 July 16, 2016"
1775,"13 July 16, 2016"
1776,"13 July 16, 2016"
1777,"13 July 16, 2016"
1778,"13 July 16, 2016"
1779,"13 July 16, 2016"
1780,"13 July 16, 2016"
1781,"13 July 16, 2016"
1782,"13 July 16, 2016"
1783,"13 July 16, 2016"
1784,"13 July 16, 2016"
1785,"16 July 16, 2016"
1786,"14 July 16, 2016"
1787,"14 July 16, 2016"
1788,"14 July 16, 2016"
1789,"14 July 16, 2016"
1790,"14 July 16, 2016"
1791,"14 July 16, 2016"
1792,"14 July 16, 2016"
1793,"00 November 18, 2020"
1794,"14 July 16, 2016"
1795,"14 July 16, 2016"
1796,"14 July 16, 2016"
1797,"14 July 16, 2016"
1798,"14 July 16, 2016"
1799,"14 July 16, 2016"
1800,"14 July 16, 2016"
1801,"14 July 16, 2016"
1802,"14 July 16, 2016"
1803,"14 July 16, 2016"
1804,"14 July 16, 2016"
1805,"14 July 16, 2016"
1806,"14 July 16, 2016"
1807,"14 July 16, 2016"
1808,"14 July 16, 2016"
1809,"14 July 16, 2016"
1810,"14 July 16, 2016"
1811,"14 July 16, 2016"
1812,"00 November 19, 1973"
1813,"14 July 16, 2016"
1814,"14 July 16, 2016"
1815,"14 July 16, 2016"
1816,"14 July 16, 2016"
1817,"14 July 16, 2016"
1818,"00 February 04, 2016"
1819,"14 July 16, 2016"
1820,"14 July 16, 2016"
1821,"14 July 16, 2016"
1822,"14 July 16, 2016"
1823,"14 July 16, 2016"
1824,"14 July 16, 2016"
1825,"00 September 19, 2068"
1826,"14 July 16, 2016"
1827,"14 July 16, 2016"
1828,"14 July 16, 2016"
1829,"14 July 16, 2016"
1830,"14 July 16, 2016"
1831,"00 November 19, 1978"
1832,"14 July 16, 2016"
1833,"14 July 16, 2016"
1834,"14 July 16, 2016"
1835,"14 July 16, 2016"
1836,"14 July 16, 2016"
1837,"14 July 16, 2016"
1838,"14 July 16, 2016"
1839,"14 July 16, 2016"
1840,"14 July 16, 2016"
1841,"14 July 16, 2016"
1842,"14 July 16, 2016"
1843,"15 July 16, 2016"
1844,"15 July 16, 2016"
1845,"15 July 16, 2016"
1846,"15 July 16, 2016"
1847,"15 July 16, 2016"
1848,"15 July 16, 2016"
1849,"15 July 16, 2016"
1850,"15 July 16, 2016"
1851,"15 July 16, 2016"
1852,"00 September 19, 2016"
1853,"00 January 01, 2016"
1854,"00 December 19, 2016"
1855,"15 July 16, 2016"
1856,"15 July 16, 2016"
1857,"15 July 16, 2016"
1858,"15 July 16, 2016"
1859,"15 July 16, 2016"
1860,"15 July 16, 2016"
1861,"15 July 16, 2016"
1862,"15 July 16, 2016"
1863,"15 July 16, 2016"
1864,"15 July 16, 2016"
1865,"15 July 16, 2016"
1866,"15 July 16, 2016"
1867,"15 July 16, 2016"
1868,"15 July 16, 2016"
1869,"15 July 16, 2016"
1870,"15 July 16, 2016"
1871,"15 July 16, 2016"
1872,"15 July 16, 2016"
1873,"15 July 16, 2016"
1874,"15 July 16, 2016"
1875,"15 July 16, 2016"
1876,"15 July 16, 2016"
1877,"15 July 16, 2016"
1878,"16 July 16, 2016"
1879,"16 July 16, 2016"
1880,"16 July 16, 2016"
1881,"16 July 16, 2016"
1882,"16 July 16, 2016"
1883,"16 July 16, 2016"
1884,"16 July 16, 2016"
1885,"16 July 16, 2016"
1886,"16 July 16, 2016"
1887,"16 July 16, 2016"
1888,"16 July 16, 2016"
1889,"16 July 16, 2016"
1890,"16 July 16, 2016"
1891,"16 July 16, 2016"
1892,"16 July 16, 2016"
1893,"16 July 16, 2016"
1894,"16 July 16, 2016"
1895,"16 July 16, 2016"
1896,"16 July 16, 2016"
1897,"16 July 16, 2016"
1898,"16 July 16, 2016"
1899,"16 July 16, 2016"
1900,"16 July 16, 2016"
1901,"16 July 16, 2016"
1902,"16 July 16, 2016"
1903,"16 July 16, 2016"
1904,"16 July 16, 2016"
1905,"17 July 16, 2016"
1906,"17 July 16, 2016"
1907,"17 July 16, 2016"
1908,"17 July 16, 2016"
1909,"00 November 19, 2016"
1910,"17 July 16, 2016"
1911,"17 July 16, 2016"
1912,"17 July 16, 2016"
1913,"17 July 16, 2016"
1914,"17 July 16, 2016"
1915,"17 July 16, 2016"
1916,"17 July 16, 2016"
1917,"17 July 16, 2016"
1918,"17 July 16, 2016"
1919,"17 July 16, 2016"
1920,"17 July 16, 2016"
1921,"17 July 16, 2016"
1922,"17 July 16, 2016"
1923,"17 July 16, 2016"
1924,"17 July 16, 2016"
1925,"17 July 16, 2016"
1926,"17 July 16, 2016"
1927,"17 July 16, 2016"
1928,"17 July 16, 2016"
1929,"17 July 16, 2016"
1930,"17 July 16, 2016"
1931,"17 July 16, 2016"
1932,"17 July 16, 2016"
1933,"17 July 16, 2016"
1934,"17 July 16, 2016"
1935,"17 July 16, 2016"
1936,"18 July 16, 2016"
1937,"18 July 16, 2016"
1938,"18 July 16, 2016"
1939,"00 November 20, 2021"
1940,"18 July 16, 2016"
1941,"18 July 16, 2016"
1942,"18 July 16, 2016"
1943,"18 July 16, 2016"
1944,"18 July 16, 2016"
1945,"18 July 16, 2016"
1946,"00 September 19, 2016"
1947,"18 July 16, 2016"
1948,"18 July 16, 2016"
1949,"00 January 01, 2016"
1950,"00 September 19, 2016"
1951,"00 December 19, 2016"
1952,"18 July 16, 2016"
1953,"18 July 16, 2016"
1954,"18 July 16, 2016"
1955,"18 July 16, 2016"
1956,"18 July 16, 2016"
1957,"18 July 16, 2016"
1958,"18 July 16, 2016"
1959,"18 July 16, 2016"
1960,"18 July 16, 2016"
1961,"18 July 16, 2016"
1962,"18 July 16, 2016"
1963,"18 July 16, 2016"
1964,"18 July 16, 2016"
1965,"18 July 16, 2016"
1966,"18 July 16, 2016"
1967,"01 January 01, 1900"
1968,"18 July 16, 2016"
1969,"18 July 16, 2016"
1970,"18 July 16, 2016"
1971,"18 July 16, 2016"
1972,"18 July 16, 2016"
1973,"18 July 16, 2016"
1974,"18 July 16, 2016"
1975,"18 July 16, 2016"
1976,"18 July 16, 2016"
1977,"18 July 16, 2016"
1978,"18 July 16, 2016"
1979,"19 July 16, 2016"
1980,"19 July 16, 2016"
1981,"19 July 16, 2016"
1982,"19 July 16, 2016"
1983,"19 July 16, 2016"
1984,"19 July 16, 2016"
1985,"19 July 16, 2016"
1986,"19 July 16, 2016"
1987,"19 July 16, 2016"
1988,"19 July 16, 2016"
1989,"19 July 16, 2016"
1990,"19 July 16, 2016"
1991,"19 July 16, 2016"
1992,"19 July 16, 2016"
1993,"19 July 16, 2016"
1994,"19 July 16, 2016"
1995,"19 July 16, 2016"
1996,"19 July 16, 2016"
1997,"19 July 16, 2016"
1998,"19 July 16, 2016"
1999,"19 July 16, 2016"
2000,"19 July 16, 2016"
2001,"19 July 16, 2016"
2002,"19 July 16, 2016"
2003,"19 July 16, 2016"
2004,"19 July 16, 2016"
2005,"19 July 16, 2016"
2006,"19 July 16, 2016"
2007,"19 July 16, 2016"
2008,"19 July 16, 2016"
2009,"19 July 16, 2016"
2010,"19 July 16, 2016"
2011,"19 July 16, 2016"
2012,"19 July 16, 2016"
2013,"19 July 16, 2016"
2014,"19 July 16, 2016"
2015,"19 July 16, 2016"
2016,"19 July 16, 2016"
2017,"19 July 16, 2016"
2018,"19 July 16, 2016"
2019,"19 July 16, 2016"
2020,"19 July 16, 2016"
2021,"19 July 16, 2016"
2022,"00 February 19, 2016"
2023,"19 July 16, 2016"
2024,"19 July 16, 2016"
2025,"19 July 16, 2016"
2026,"00 August 19, 1998"
2027,"19 July 16, 2016"
2028,"20 July 16, 2016"
2029,"20 July 16, 2016"
2030,"20 July 16, 2016"
2031,"20 July 16, 2016"
2032,"20 July 16, 2016"
2033,"20 July 16, 2016"
2034,"00 March 19, 1988"
2035,"00 July 19, 8181"
2036,"20 July 16, 2016"
2037,"20 July 16, 2016"
2038,"20 July 16, 2016"
2039,"20 July 16, 2016"
2040,"00 November 19, 2048"
2041,"20 July 16, 2016"
2042,"20 July 16, 2016"
2043,"20 July 16, 2016"
2044,"00 March 19, 2016"
2045,"20 July 16, 2016"
2046,"20 July 16, 2016"
2047,"20 July 16, 2016"
2048,"20 July 16, 2016"
2049,"20 July 16, 2016"
2050,"20 July 16, 2016"
2051,"20 July 16, 2016"
2052,"20 July 16, 2016"
2053,"20 July 16, 2016"
2054,"20 July 16, 2016"
2055,"20 July 16, 2016"
2056,"20 July 16, 2016"
2057,"20 July 16, 2016"
2058,"20 July 16, 2016"
2059,"20 July 16, 2016"
2060,"20 July 16, 2016"
2061,"20 July 16, 2016"
2062,"20 July 16, 2016"
2063,"20 July 16, 2016"
2064,"20 July 16, 2016"
2065,"00 September 19, 2016"
2066,"20 July 16, 2016"
2067,"20 July 16, 2016"
2068,"20 July 16, 2016"
2069,"20 July 16, 2016"
2070,"20 July 16, 2016"
2071,"20 July 16, 2016"
2072,"07 January 01, 1900"
2073,"20 July 16, 2016"
2074,"20 July 16, 2016"
2075,"20 July 16, 2016"
2076,"20 July 16, 2016"
2077,"00 November 19, 2035"
2078,"20 July 16, 2016"
2079,"20 July 16, 2016"
2080,"20 July 16, 2016"
2081,"20 July 16, 2016"
2082,"20 July 16, 2016"
2083,"20 July 16, 2016"
2084,"20 July 16, 2016"
2085,"20 July 16, 2016"
2086,"20 July 16, 2016"
2087,"20 July 16, 2016"
2088,"20 July 16, 2016"
2089,"20 July 16, 2016"
2090,"21 July 16, 2016"
2091,"21 July 16, 2016"
2092,"21 July 16, 2016"
2093,"21 July 16, 2016"
2094,"21 July 16, 2016"
2095,"21 July 16, 2016"
2096,"21 July 16, 2016"
2097,"21 July 16, 2016"
2098,"21 July 16, 2016"
2099,"21 July 16, 2016"
2100,"21 July 16, 2016"
2101,"21 July 16, 2016"
2102,"21 July 16, 2016"
2103,"21 July 16, 2016"
2104,"21 July 16, 2016"
2105,"21 July 16, 2016"
2106,"21 July 16, 2016"
2107,"21 July 16, 2016"
2108,"21 July 16, 2016"
2109,"21 July 16, 2016"
2110,"21 July 16, 2016"
2111,"21 July 16, 2016"
2112,"21 July 16, 2016"
2113,"21 July 16, 2016"
2114,"21 July 16, 2016"
2115,"21 July 16, 2016"
2116,"21 July 16, 2016"
2117,"21 July 16, 2016"
2118,"21 July 16, 2016"
2119,"21 July 16, 2016"
2120,"21 July 16, 2016"
2121,"21 July 16, 2016"
2122,"21 July 16, 2016"
2123,"21 July 16, 2016"
2124,"21 July 16, 2016"
2125,"21 July 16, 2016"
2126,"21 July 16, 2016"
2127,"21 July 16, 2016"
2128,"21 July 16, 2016"
2129,"21 July 16, 2016"
2130,"21 July 16, 2016"
2131,"21 July 16, 2016"
2132,"21 July 16, 2016"
2133,"21 July 16, 2016"
2134,"21 July 16, 2016"
2135,"22 July 16, 2016"
2136,"22 July 16, 2016"
2137,"22 July 16, 2016"
2138,"22 July 16, 2016"
2139,"22 July 16, 2016"
2140,"22 July 16, 2016"
2141,"22 July 16, 2016"
2142,"22 July 16, 2016"
2143,"22 July 16, 2016"
2144,"22 July 16, 2016"
2145,"22 July 16, 2016"
2146,"22 July 16, 2016"
2147,"22 July 16, 2016"
2148,"22 July 16, 2016"
2149,"22 July 16, 2016"
2150,"22 July 16, 2016"
2151,"22 July 16, 2016"
2152,"22 July 16, 2016"
2153,"22 July 16, 2016"
2154,"22 July 16, 2016"
2155,"22 July 16, 2016"
2156,"22 July 16, 2016"
2157,"22 July 16, 2016"
2158,"22 July 16, 2016"
2159,"22 July 16, 2016"
2160,"22 July 16, 2016"
2161,"22 July 16, 2016"
2162,"22 July 16, 2016"
2163,"22 July 16, 2016"
2164,"22 July 16, 2016"
2165,"22 July 16, 2016"
2166,"22 July 16, 2016"
2167,"22 July 16, 2016"
2168,"22 July 16, 2016"
2169,"22 July 16, 2016"
2170,"22 July 16, 2016"
2171,"22 July 16, 2016"
2172,"22 July 16, 2016"
2173,"22 July 16, 2016"
2174,"00 July 19, 2016"
2175,"22 July 16, 2016"
2176,"23 July 16, 2016"
2177,"23 July 16, 2016"
2178,"23 July 16, 2016"
2179,"23 July 16, 2016"
2180,"23 July 16, 2016"
2181,"23 July 16, 2016"
2182,"23 July 16, 2016"
2183,"23 July 16, 2016"
2184,"23 July 16, 2016"
2185,"23 July 16, 2016"
2186,"23 July 16, 2016"
2187,"23 July 16, 2016"
2188,"23 July 16, 2016"
2189,"23 July 16, 2016"
2190,"23 July 16, 2016"
2191,"23 July 16, 2016"
2192,"23 July 16, 2016"
2193,"23 July 16, 2016"
2194,"23 July 16, 2016"
2195,"23 July 16, 2016"
2196,"00 July 17, 2016"
2197,"00 July 17, 2016"
2198,"00 July 17, 2016"
2199,"00 July 17, 2016"
2200,"00 July 17, 2016"
2201,"00 July 17, 2016"
2202,"00 July 17, 2016"
2203,"01 July 17, 2016"
2204,"01 July 17, 2016"
2205,"01 July 17, 2016"
2206,"01 July 17, 2016"
2207,"01 July 17, 2016"
2208,"01 July 17, 2016"
2209,"02 July 17, 2016"
2210,"02 July 17, 2016"
2211,"03 July 17, 2016"
2212,"04 July 17, 2016"
2213,"04 July 17, 2016"
2214,"04 July 17, 2016"
2215,"05 July 17, 2016"
2216,"05 July 17, 2016"
2217,"05 July 17, 2016"
2218,"06 July 17, 2016"
2219,"06 July 17, 2016"
2220,"06 July 17, 2016"
2221,"06 July 17, 2016"
2222,"06 July 17, 2016"
2223,"06 July 17, 2016"
2224,"06 July 17, 2016"
2225,"06 July 17, 2016"
2226,"06 July 17, 2016"
2227,"06 July 17, 2016"
2228,"06 July 17, 2016"
2229,"06 July 17, 2016"
2230,"07 July 17, 2016"
2231,"07 July 17, 2016"
2232,"07 July 17, 2016"
2233,"07 July 17, 2016"
2234,"07 July 17, 2016"
2235,"07 July 17, 2016"
2236,"07 July 17, 2016"
2237,"07 July 17, 2016"
2238,"07 July 17, 2016"
2239,"00 November 17, 2025"
2240,"07 July 17, 2016"
2241,"07 July 17, 2016"
2242,"07 July 17, 2016"
2243,"07 July 17, 2016"
2244,"07 July 17, 2016"
2245,"07 July 17, 2016"
2246,"07 July 17, 2016"
2247,"07 July 17, 2016"
2248,"07 July 17, 2016"
2249,"07 July 17, 2016"
2250,"07 July 17, 2016"
2251,"07 July 17, 2016"
2252,"07 July 17, 2016"
2253,"08 July 17, 2016"
2254,"08 July 17, 2016"
2255,"08 July 17, 2016"
2256,"08 July 17, 2016"
2257,"08 July 17, 2016"
2258,"08 July 17, 2016"
2259,"08 July 17, 2016"
2260,"08 July 17, 2016"
2261,"08 July 17, 2016"
2262,"08 July 17, 2016"
2263,"08 July 17, 2016"
2264,"08 July 17, 2016"
2265,"08 July 17, 2016"
2266,"08 July 17, 2016"
2267,"08 July 17, 2016"
2268,"08 July 17, 2016"
2269,"08 July 17, 2016"
2270,"08 July 17, 2016"
2271,"08 July 17, 2016"
2272,"08 July 17, 2016"
2273,"08 July 17, 2016"
2274,"08 July 17, 2016"
2275,"08 July 17, 2016"
2276,"08 July 17, 2016"
2277,"08 July 17, 2016"
2278,"08 July 17, 2016"
2279,"09 July 17, 2016"
2280,"09 July 17, 2016"
2281,"09 July 17, 2016"
2282,"00 November 19, 2020"
2283,"09 July 17, 2016"
2284,"09 July 17, 2016"
2285,"09 July 17, 2016"
2286,"09 July 17, 2016"
2287,"09 July 17, 2016"
2288,"09 July 17, 2016"
2289,"09 July 17, 2016"
2290,"09 July 17, 2016"
2291,"09 July 17, 2016"
2292,"09 July 17, 2016"
2293,"09 July 17, 2016"
2294,"09 July 17, 2016"
2295,"09 July 17, 2016"
2296,"09 July 17, 2016"
2297,"09 July 17, 2016"
2298,"09 July 17, 2016"
2299,"09 July 17, 2016"
2300,"09 July 17, 2016"
2301,"09 July 17, 2016"
2302,"09 July 17, 2016"
2303,"09 July 17, 2016"
2304,"09 July 17, 2016"
2305,"09 July 17, 2016"
2306,"09 July 17, 2016"
2307,"09 July 17, 2016"
2308,"09 July 17, 2016"
2309,"09 July 17, 2016"
2310,"09 July 17, 2016"
2311,"09 July 17, 2016"
2312,"09 July 17, 2016"
2313,"09 July 17, 2016"
2314,"09 July 17, 2016"
2315,"09 July 17, 2016"
2316,"09 July 17, 2016"
2317,"09 July 17, 2016"
2318,"09 July 17, 2016"
2319,"09 July 17, 2016"
2320,"09 July 17, 2016"
2321,"10 July 17, 2016"
2322,"10 July 17, 2016"
2323,"10 July 17, 2016"
2324,"10 July 17, 2016"
2325,"10 July 17, 2016"
2326,"00 November 19, 1905"
2327,"10 July 17, 2016"
2328,"10 July 17, 2016"
2329,"10 July 17, 2016"
2330,"10 July 17, 2016"
2331,"10 July 17, 2016"
2332,"10 July 17, 2016"
2333,"10 July 17, 2016"
2334,"10 July 17, 2016"
2335,"00 March 19, 2016"
2336,"10 July 17, 2016"
2337,"10 July 17, 2016"
2338,"10 July 17, 2016"
2339,"10 July 17, 2016"
2340,"10 July 17, 2016"
2341,"10 July 17, 2016"
2342,"10 July 17, 2016"
2343,"10 July 17, 2016"
2344,"10 July 17, 2016"
2345,"10 July 17, 2016"
2346,"10 July 17, 2016"
2347,"10 July 17, 2016"
2348,"10 July 17, 2016"
2349,"10 July 17, 2016"
2350,"10 July 17, 2016"
2351,"10 July 17, 2016"
2352,"10 July 17, 2016"
2353,"10 July 17, 2016"
2354,"10 July 17, 2016"
2355,"10 July 17, 2016"
2356,"10 July 17, 2016"
2357,"11 July 17, 2016"
2358,"11 July 17, 2016"
2359,"11 July 17, 2016"
2360,"11 July 17, 2016"
2361,"11 July 17, 2016"
2362,"11 July 17, 2016"
2363,"11 July 17, 2016"
2364,"11 July 17, 2016"
2365,"11 July 17, 2016"
2366,"11 July 17, 2016"
2367,"11 July 17, 2016"
2368,"11 July 17, 2016"
2369,"11 July 17, 2016"
2370,"11 July 17, 2016"
2371,"11 July 17, 2016"
2372,"11 July 17, 2016"
2373,"11 July 17, 2016"
2374,"11 July 17, 2016"
2375,"11 July 17, 2016"
2376,"11 July 17, 2016"
2377,"11 July 17, 2016"
2378,"11 July 17, 2016"
2379,"11 July 17, 2016"
2380,"11 July 17, 2016"
2381,"11 July 17, 2016"
2382,"11 July 17, 2016"
2383,"11 July 17, 2016"
2384,"11 July 17, 2016"
2385,"11 July 17, 2016"
2386,"11 July 17, 2016"
2387,"11 July 17, 2016"
2388,"11 July 17, 2016"
2389,"11 July 17, 2016"
2390,"11 July 17, 2016"
2391,"12 July 17, 2016"
2392,"12 July 17, 2016"
2393,"12 July 17, 2016"
2394,"12 July 17, 2016"
2395,"12 July 17, 2016"
2396,"12 July 17, 2016"
2397,"12 July 17, 2016"
2398,"12 July 17, 2016"
2399,"12 July 17, 2016"
2400,"12 July 17, 2016"
2401,"12 July 17, 2016"
2402,"12 July 17, 2016"
2403,"12 July 17, 2016"
2404,"12 July 17, 2016"
2405,"12 July 17, 2016"
2406,"12 July 17, 2016"
2407,"12 July 17, 2016"
2408,"12 July 17, 2016"
2409,"12 July 17, 2016"
2410,"12 July 17, 2016"
2411,"12 July 17, 2016"
2412,"12 July 17, 2016"
2413,"12 July 17, 2016"
2414,"12 July 17, 2016"
2415,"12 July 17, 2016"
2416,"13 July 17, 2016"
2417,"13 July 17, 2016"
2418,"13 July 17, 2016"
2419,"13 July 17, 2016"
2420,"13 July 17, 2016"
2421,"13 July 17, 2016"
2422,"13 July 17, 2016"
2423,"13 July 17, 2016"
2424,"13 July 17, 2016"
2425,"13 July 17, 2016"
2426,"13 July 17, 2016"
2427,"13 July 17, 2016"
2428,"13 July 17, 2016"
2429,"00 November 19, 1977"
2430,"13 July 17, 2016"
2431,"13 July 17, 2016"
2432,"13 July 17, 2016"
2433,"13 July 17, 2016"
2434,"13 July 17, 2016"
2435,"13 July 17, 2016"
2436,"13 July 17, 2016"
2437,"13 July 17, 2016"
2438,"13 July 17, 2016"
2439,"13 July 17, 2016"
2440,"13 July 17, 2016"
2441,"13 July 17, 2016"
2442,"14 July 17, 2016"
2443,"14 July 17, 2016"
2444,"14 July 17, 2016"
2445,"14 July 17, 2016"
2446,"14 July 17, 2016"
2447,"14 July 17, 2016"
2448,"14 July 17, 2016"
2449,"14 July 17, 2016"
2450,"14 July 17, 2016"
2451,"14 July 17, 2016"
2452,"14 July 17, 2016"
2453,"14 July 17, 2016"
2454,"14 July 17, 2016"
2455,"14 July 17, 2016"
2456,"14 July 17, 2016"
2457,"14 July 17, 2016"
2458,"14 July 17, 2016"
2459,"14 July 17, 2016"
2460,"14 July 17, 2016"
2461,"14 July 17, 2016"
2462,"14 July 17, 2016"
2463,"14 July 17, 2016"
2464,"14 July 17, 2016"
2465,"14 July 17, 2016"
2466,"14 July 17, 2016"
2467,"14 July 17, 2016"
2468,"15 July 17, 2016"
2469,"15 July 17, 2016"
2470,"15 July 17, 2016"
2471,"15 July 17, 2016"
2472,"15 July 17, 2016"
2473,"15 July 17, 2016"
2474,"15 July 17, 2016"
2475,"15 July 17, 2016"
2476,"15 July 17, 2016"
2477,"15 July 17, 2016"
2478,"15 July 17, 2016"
2479,"15 July 17, 2016"
2480,"15 July 17, 2016"
2481,"15 July 17, 2016"
2482,"15 July 17, 2016"
2483,"15 July 17, 2016"
2484,"15 July 17, 2016"
2485,"15 July 17, 2016"
2486,"15 July 17, 2016"
2487,"15 July 17, 2016"
2488,"15 July 17, 2016"
2489,"16 July 17, 2016"
2490,"16 July 17, 2016"
2491,"16 July 17, 2016"
2492,"16 July 17, 2016"
2493,"16 July 17, 2016"
2494,"16 July 17, 2016"
2495,"16 July 17, 2016"
2496,"16 July 17, 2016"
2497,"16 July 17, 2016"
2498,"16 July 17, 2016"
2499,"16 July 17, 2016"
2500,"16 July 17, 2016"
2501,"16 July 17, 2016"
2502,"16 July 17, 2016"
2503,"17 July 17, 2016"
2504,"17 July 17, 2016"
2505,"17 July 17, 2016"
2506,"00 January 19, 2016"
2507,"17 July 17, 2016"
2508,"17 July 17, 2016"
2509,"17 July 17, 2016"
2510,"17 July 17, 2016"
2511,"17 July 17, 2016"
2512,"17 July 17, 2016"
2513,"17 July 17, 2016"
2514,"17 July 17, 2016"
2515,"17 July 17, 2016"
2516,"17 July 17, 2016"
2517,"18 July 17, 2016"
2518,"18 July 17, 2016"
2519,"18 July 17, 2016"
2520,"18 July 17, 2016"
2521,"18 July 17, 2016"
2522,"18 July 17, 2016"
2523,"18 July 17, 2016"
2524,"18 July 17, 2016"
2525,"18 July 17, 2016"
2526,"18 July 17, 2016"
2527,"18 July 17, 2016"
2528,"18 July 17, 2016"
2529,"18 July 17, 2016"
2530,"18 July 17, 2016"
2531,"18 July 17, 2016"
2532,"18 July 17, 2016"
2533,"18 July 17, 2016"
2534,"18 July 17, 2016"
2535,"18 July 17, 2016"
2536,"18 July 17, 2016"
2537,"18 July 17, 2016"
2538,"18 July 17, 2016"
2539,"18 July 17, 2016"
2540,"19 July 17, 2016"
2541,"19 July 17, 2016"
2542,"19 July 17, 2016"
2543,"00 April 08, 2016"
2544,"19 July 17, 2016"
2545,"19 July 17, 2016"
2546,"19 July 17, 2016"
2547,"19 July 17, 2016"
2548,"19 July 17, 2016"
2549,"19 July 17, 2016"
2550,"19 July 17, 2016"
2551,"19 July 17, 2016"
2552,"20 July 17, 2016"
2553,"00 November 19, 1989"
2554,"20 July 17, 2016"
2555,"20 July 17, 2016"
2556,"20 July 17, 2016"
2557,"20 July 17, 2016"
2558,"20 July 17, 2016"
2559,"20 July 17, 2016"
2560,"20 July 17, 2016"
2561,"20 July 17, 2016"
2562,"20 July 17, 2016"
2563,"20 July 17, 2016"
2564,"20 July 17, 2016"
2565,"20 July 17, 2016"
2566,"20 July 17, 2016"
2567,"20 July 17, 2016"
2568,"20 July 17, 2016"
2569,"20 July 17, 2016"
2570,"20 July 17, 2016"
2571,"20 July 17, 2016"
2572,"20 July 17, 2016"
2573,"20 July 17, 2016"
2574,"20 July 17, 2016"
2575,"20 July 17, 2016"
2576,"20 July 17, 2016"
2577,"20 July 17, 2016"
2578,"20 July 17, 2016"
2579,"20 July 17, 2016"
2580,"21 July 17, 2016"
2581,"21 July 17, 2016"
2582,"21 July 17, 2016"
2583,"21 July 17, 2016"
2584,"21 July 17, 2016"
2585,"21 July 17, 2016"
2586,"21 July 17, 2016"
2587,"21 July 17, 2016"
2588,"21 July 17, 2016"
2589,"21 July 17, 2016"
2590,"21 July 17, 2016"
2591,"21 July 17, 2016"
2592,"21 July 17, 2016"
2593,"21 July 17, 2016"
2594,"21 July 17, 2016"
2595,"21 July 17, 2016"
2596,"21 July 17, 2016"
2597,"21 July 17, 2016"
2598,"21 July 17, 2016"
2599,"21 July 17, 2016"
2600,"21 July 17, 2016"
2601,"21 July 17, 2016"
2602,"21 July 17, 2016"
2603,"21 July 17, 2016"
2604,"22 July 17, 2016"
2605,"22 July 17, 2016"
2606,"22 July 17, 2016"
2607,"00 March 08, 2016"
2608,"22 July 17, 2016"
2609,"22 July 17, 2016"
2610,"22 July 17, 2016"
2611,"22 July 17, 2016"
2612,"22 July 17, 2016"
2613,"22 July 17, 2016"
2614,"22 July 17, 2016"
2615,"22 July 17, 2016"
2616,"22 July 17, 2016"
2617,"22 July 17, 2016"
2618,"22 July 17, 2016"
2619,"23 July 17, 2016"
2620,"23 July 17, 2016"
2621,"23 July 17, 2016"
2622,"23 July 17, 2016"
2623,"23 July 17, 2016"
2624,"23 July 17, 2016"
2625,"23 July 17, 2016"
2626,"23 July 17, 2016"
2627,"23 July 17, 2016"
2628,"23 July 17, 2016"
2629,"23 July 17, 2016"
2630,"00 July 18, 2016"
2631,"00 July 18, 2016"
2632,"00 July 18, 2016"
2633,"00 July 18, 2016"
2634,"00 July 18, 2016"
2635,"00 July 18, 2016"
2636,"00 July 18, 2016"
2637,"01 July 18, 2016"
2638,"01 July 18, 2016"
2639,"01 July 18, 2016"
2640,"01 July 18, 2016"
2641,"01 July 18, 2016"
2642,"01 July 18, 2016"
2643,"02 July 18, 2016"
2644,"03 July 18, 2016"
2645,"03 July 18, 2016"
2646,"04 July 18, 2016"
2647,"04 July 18, 2016"
2648,"04 July 18, 2016"
2649,"05 July 18, 2016"
2650,"05 July 18, 2016"
2651,"05 July 18, 2016"
2652,"05 July 18, 2016"
2653,"05 July 18, 2016"
2654,"06 July 18, 2016"
2655,"06 July 18, 2016"
2656,"06 July 18, 2016"
2657,"06 July 18, 2016"
2658,"06 July 18, 2016"
2659,"06 July 18, 2016"
2660,"06 July 18, 2016"
2661,"06 July 18, 2016"
2662,"06 July 18, 2016"
2663,"06 July 18, 2016"
2664,"06 July 18, 2016"
2665,"06 July 18, 2016"
2666,"06 July 18, 2016"
2667,"06 July 18, 2016"
2668,"06 July 18, 2016"
2669,"06 July 18, 2016"
2670,"07 July 18, 2016"
2671,"07 July 18, 2016"
2672,"07 July 18, 2016"
2673,"07 July 18, 2016"
2674,"07 July 18, 2016"
2675,"07 July 18, 2016"
2676,"07 July 18, 2016"
2677,"08 July 18, 2016"
2678,"08 July 18, 2016"
2679,"08 July 18, 2016"
2680,"08 July 18, 2016"
2681,"08 July 18, 2016"
2682,"08 July 18, 2016"
2683,"08 July 18, 2016"
2684,"08 July 18, 2016"
2685,"08 July 18, 2016"
2686,"08 July 18, 2016"
2687,"08 July 18, 2016"
2688,"08 July 18, 2016"
2689,"08 July 18, 2016"
2690,"08 July 18, 2016"
2691,"08 July 18, 2016"
2692,"08 July 18, 2016"
2693,"08 July 18, 2016"
2694,"08 July 18, 2016"
2695,"08 July 18, 2016"
2696,"09 July 18, 2016"
2697,"09 July 18, 2016"
2698,"09 July 18, 2016"
2699,"09 July 18, 2016"
2700,"09 July 18, 2016"
2701,"09 July 18, 2016"
2702,"09 July 18, 2016"
2703,"09 July 18, 2016"
2704,"02 January 01, 1900"
2705,"09 July 18, 2016"
2706,"09 July 18, 2016"
2707,"09 July 18, 2016"
2708,"09 July 18, 2016"
2709,"09 July 18, 2016"
2710,"09 July 18, 2016"
2711,"09 July 18, 2016"
2712,"09 July 18, 2016"
2713,"09 July 18, 2016"
2714,"09 July 18, 2016"
2715,"09 July 18, 2016"
2716,"09 July 18, 2016"
2717,"09 July 18, 2016"
2718,"09 July 18, 2016"
2719,"10 July 18, 2016"
2720,"10 July 18, 2016"
2721,"10 July 18, 2016"
2722,"10 July 18, 2016"
2723,"10 July 18, 2016"
2724,"10 July 18, 2016"
2725,"10 July 18, 2016"
2726,"10 July 18, 2016"
2727,"10 July 18, 2016"
2728,"10 July 18, 2016"
2729,"10 July 18, 2016"
2730,"10 July 18, 2016"
2731,"10 July 18, 2016"
2732,"10 July 18, 2016"
2733,"10 July 18, 2016"
2734,"10 July 18, 2016"
2735,"10 July 18, 2016"
2736,"10 July 18, 2016"
2737,"10 July 18, 2016"
2738,"10 July 18, 2016"
2739,"10 July 18, 2016"
2740,"10 July 18, 2016"
2741,"02 January 01, 1900"
2742,"11 July 18, 2016"
2743,"11 July 18, 2016"
2744,"11 July 18, 2016"
2745,"11 July 18, 2016"
2746,"11 July 18, 2016"
2747,"11 July 18, 2016"
2748,"11 July 18, 2016"
2749,"11 July 18, 2016"
2750,"11 July 18, 2016"
2751,"11 July 18, 2016"
2752,"11 July 18, 2016"
2753,"11 July 18, 2016"
2754,"11 July 18, 2016"
2755,"11 July 18, 2016"
2756,"11 July 18, 2016"
2757,"11 July 18, 2016"
2758,"11 July 18, 2016"
2759,"11 July 18, 2016"
2760,"11 July 18, 2016"
2761,"11 July 18, 2016"
2762,"12 July 18, 2016"
2763,"12 July 18, 2016"
2764,"12 July 18, 2016"
2765,"12 July 18, 2016"
2766,"12 July 18, 2016"
2767,"12 July 18, 2016"
2768,"12 July 18, 2016"
2769,"12 July 18, 2016"
2770,"12 July 18, 2016"
2771,"13 July 18, 2016"
2772,"13 July 18, 2016"
2773,"13 July 18, 2016"
2774,"13 July 18, 2016"
2775,"13 July 18, 2016"
2776,"13 July 18, 2016"
2777,"13 July 18, 2016"
2778,"13 July 18, 2016"
2779,"13 July 18, 2016"
2780,"13 July 18, 2016"
2781,"13 July 18, 2016"
2782,"13 July 18, 2016"
2783,"13 July 18, 2016"
2784,"13 July 18, 2016"
2785,"14 July 18, 2016"
2786,"14 July 18, 2016"
2787,"14 July 18, 2016"
2788,"00 November 19, 1980"
2789,"14 July 18, 2016"
2790,"14 July 18, 2016"
2791,"14 July 18, 2016"
2792,"14 July 18, 2016"
2793,"14 July 18, 2016"
2794,"14 July 18, 2016"
2795,"14 July 18, 2016"
2796,"00 February 03, 2016"
2797,"14 July 18, 2016"
2798,"14 July 18, 2016"
2799,"14 July 18, 2016"
2800,"14 July 18, 2016"
2801,"14 July 18, 2016"
2802,"14 July 18, 2016"
2803,"14 July 18, 2016"
2804,"15 July 18, 2016"
2805,"15 July 18, 2016"
2806,"15 July 18, 2016"
2807,"15 July 18, 2016"
2808,"15 July 18, 2016"
2809,"15 July 18, 2016"
2810,"16 July 18, 2016"
2811,"16 July 18, 2016"
2812,"16 July 18, 2016"
2813,"16 July 18, 2016"
2814,"16 July 18, 2016"
2815,"16 July 18, 2016"
2816,"16 July 18, 2016"
2817,"16 July 18, 2016"
2818,"16 July 18, 2016"
2819,"16 July 18, 2016"
2820,"16 July 18, 2016"
2821,"17 July 18, 2016"
2822,"17 July 18, 2016"
2823,"00 March 19, 2016"
2824,"17 July 18, 2016"
2825,"17 July 18, 2016"
2826,"17 July 18, 2016"
2827,"17 July 18, 2016"
2828,"17 July 18, 2016"
2829,"17 July 18, 2016"
2830,"17 July 18, 2016"
2831,"17 July 18, 2016"
2832,"17 July 18, 2016"
2833,"17 July 18, 2016"
2834,"17 July 18, 2016"
2835,"17 July 18, 2016"
2836,"18 July 18, 2016"
2837,"18 July 18, 2016"
2838,"18 July 18, 2016"
2839,"18 July 18, 2016"
2840,"18 July 18, 2016"
2841,"18 July 18, 2016"
2842,"18 July 18, 2016"
2843,"18 July 18, 2016"
2844,"19 July 18, 2016"
2845,"19 July 18, 2016"
2846,"19 July 18, 2016"
2847,"19 July 18, 2016"
2848,"19 July 18, 2016"
2849,"19 July 18, 2016"
2850,"19 July 18, 2016"
2851,"19 July 18, 2016"
2852,"19 July 18, 2016"
2853,"19 July 18, 2016"
2854,"19 July 18, 2016"
2855,"19 July 18, 2016"
2856,"19 July 18, 2016"
2857,"02 January 01, 1900"
2858,"19 July 18, 2016"
2859,"19 July 18, 2016"
2860,"19 July 18, 2016"
2861,"19 July 18, 2016"
2862,"20 July 18, 2016"
2863,"20 July 18, 2016"
2864,"20 July 18, 2016"
2865,"20 July 18, 2016"
2866,"20 July 18, 2016"
2867,"20 July 18, 2016"
2868,"20 July 18, 2016"
2869,"20 July 18, 2016"
2870,"20 July 18, 2016"
2871,"00 January 22, 2016"
2872,"20 July 18, 2016"
2873,"20 July 18, 2016"
2874,"20 July 18, 2016"
2875,"20 July 18, 2016"
2876,"20 July 18, 2016"
2877,"20 July 18, 2016"
2878,"21 July 18, 2016"
2879,"21 July 18, 2016"
2880,"21 July 18, 2016"
2881,"21 July 18, 2016"
2882,"21 July 18, 2016"
2883,"21 July 18, 2016"
2884,"21 July 18, 2016"
2885,"21 July 18, 2016"
2886,"21 July 18, 2016"
2887,"21 July 18, 2016"
2888,"21 July 18, 2016"
2889,"21 July 18, 2016"
2890,"21 July 18, 2016"
2891,"21 July 18, 2016"
2892,"21 July 18, 2016"
2893,"21 July 18, 2016"
2894,"21 July 18, 2016"
2895,"21 July 18, 2016"
2896,"21 July 18, 2016"
2897,"21 July 18, 2016"
2898,"21 July 18, 2016"
2899,"21 July 18, 2016"
2900,"21 July 18, 2016"
2901,"21 July 18, 2016"
2902,"21 July 18, 2016"
2903,"21 July 18, 2016"
2904,"21 July 18, 2016"
2905,"22 July 18, 2016"
2906,"22 July 18, 2016"
2907,"22 July 18, 2016"
2908,"22 July 18, 2016"
2909,"22 July 18, 2016"
2910,"22 July 18, 2016"
2911,"22 July 18, 2016"
2912,"22 July 18, 2016"
2913,"22 July 18, 2016"
2914,"22 July 18, 2016"
2915,"00 November 19, 2056"
2916,"22 July 18, 2016"
2917,"22 July 18, 2016"
2918,"22 July 18, 2016"
2919,"23 July 18, 2016"
2920,"23 July 18, 2016"
2921,"23 July 18, 2016"
2922,"23 July 18, 2016"
2923,"23 July 18, 2016"
2924,"23 July 18, 2016"
2925,"23 July 18, 2016"
2926,"23 July 18, 2016"
2927,"23 July 18, 2016"
2928,"23 July 18, 2016"
2929,"23 July 18, 2016"
2930,"23 July 18, 2016"
2931,"23 July 18, 2016"
2932,"23 July 18, 2016"
2933,"00 July 19, 2016"
2934,"00 July 19, 2016"
2935,"00 July 19, 2016"
2936,"00 July 19, 2016"
2937,"00 July 19, 2016"
2938,"00 March 19, 2016"
2939,"00 July 19, 2016"
2940,"00 July 19, 2016"
2941,"01 July 19, 2016"
2942,"01 July 19, 2016"
2943,"01 July 19, 2016"
2944,"02 July 19, 2016"
2945,"03 July 19, 2016"
2946,"04 July 19, 2016"
2947,"04 July 19, 2016"
2948,"05 July 19, 2016"
2949,"05 July 19, 2016"
2950,"05 July 19, 2016"
2951,"05 July 19, 2016"
2952,"05 July 19, 2016"
2953,"05 July 19, 2016"
2954,"05 July 19, 2016"
2955,"00 June 19, 2053"
2956,"06 July 19, 2016"
2957,"06 July 19, 2016"
2958,"06 July 19, 2016"
2959,"06 July 19, 2016"
2960,"06 July 19, 2016"
2961,"06 July 19, 2016"
2962,"06 July 19, 2016"
2963,"06 July 19, 2016"
2964,"06 July 19, 2016"
2965,"06 July 19, 2016"
2966,"06 July 19, 2016"
2967,"06 July 19, 2016"
2968,"06 July 19, 2016"
2969,"06 July 19, 2016"
2970,"06 July 19, 2016"
2971,"06 July 19, 2016"
2972,"07 July 19, 2016"
2973,"07 July 19, 2016"
2974,"07 July 19, 2016"
2975,"07 July 19, 2016"
2976,"07 July 19, 2016"
2977,"07 July 19, 2016"
2978,"07 July 19, 2016"
2979,"07 July 19, 2016"
2980,"07 July 19, 2016"
2981,"07 July 19, 2016"
2982,"07 July 19, 2016"
2983,"07 July 19, 2016"
2984,"07 July 19, 2016"
2985,"07 July 19, 2016"
2986,"07 July 19, 2016"
2987,"07 July 19, 2016"
2988,"07 July 19, 2016"
2989,"07 July 19, 2016"
2990,"07 July 19, 2016"
2991,"07 July 19, 2016"
2992,"08 July 19, 2016"
2993,"08 July 19, 2016"
2994,"08 July 19, 2016"
2995,"08 July 19, 2016"
2996,"08 July 19, 2016"
2997,"08 July 19, 2016"
2998,"08 July 19, 2016"
2999,"08 July 19, 2016"
3000,"08 July 19, 2016"
3001,"08 July 19, 2016"
3002,"08 July 19, 2016"
3003,"08 July 19, 2016"
3004,"08 July 19, 2016"
3005,"08 July 19, 2016"
3006,"08 July 19, 2016"
3007,"08 July 19, 2016"
3008,"08 July 19, 2016"
3009,"08 July 19, 2016"
3010,"08 July 19, 2016"
3011,"08 July 19, 2016"
3012,"09 July 19, 2016"
3013,"09 July 19, 2016"
3014,"09 July 19, 2016"
3015,"09 July 19, 2016"
3016,"09 July 19, 2016"
3017,"09 July 19, 2016"
3018,"09 July 19, 2016"
3019,"09 July 19, 2016"
3020,"09 July 19, 2016"
3021,"09 July 19, 2016"
3022,"09 July 19, 2016"
3023,"09 July 19, 2016"
3024,"09 July 19, 2016"
3025,"09 July 19, 2016"
3026,"09 July 19, 2016"
3027,"09 July 19, 2016"
3028,"09 July 19, 2016"
3029,"10 July 19, 2016"
3030,"10 July 19, 2016"
3031,"10 July 19, 2016"
3032,"10 July 19, 2016"
3033,"10 July 19, 2016"
3034,"10 July 19, 2016"
3035,"00 March 18, 2016"
3036,"10 July 19, 2016"
3037,"10 July 19, 2016"
3038,"10 July 19, 2016"
3039,"10 July 19, 2016"
3040,"10 July 19, 2016"
3041,"10 July 19, 2016"
3042,"10 July 19, 2016"
3043,"10 July 19, 2016"
3044,"10 July 19, 2016"
3045,"10 July 19, 2016"
3046,"10 July 19, 2016"
3047,"10 July 19, 2016"
3048,"10 July 19, 2016"
3049,"11 July 19, 2016"
3050,"11 July 19, 2016"
3051,"11 July 19, 2016"
3052,"11 July 19, 2016"
3053,"11 July 19, 2016"
3054,"11 July 19, 2016"
3055,"00 November 13, 2016"
3056,"11 July 19, 2016"
3057,"11 July 19, 2016"
3058,"00 August 19, 2044"
3059,"11 July 19, 2016"
3060,"11 July 19, 2016"
3061,"11 July 19, 2016"
3062,"11 July 19, 2016"
3063,"11 July 19, 2016"
3064,"11 July 19, 2016"
3065,"11 July 19, 2016"
3066,"11 July 19, 2016"
3067,"11 July 19, 2016"
3068,"11 July 19, 2016"
3069,"11 July 19, 2016"
3070,"11 July 19, 2016"
3071,"11 July 19, 2016"
3072,"00 April 19, 2016"
3073,"12 July 19, 2016"
3074,"00 November 12, 2016"
3075,"12 July 19, 2016"
3076,"12 July 19, 2016"
3077,"12 July 19, 2016"
3078,"12 July 19, 2016"
3079,"12 July 19, 2016"
3080,"12 July 19, 2016"
3081,"12 July 19, 2016"
3082,"12 July 19, 2016"
3083,"12 July 19, 2016"
3084,"12 July 19, 2016"
3085,"12 July 19, 2016"
3086,"12 July 19, 2016"
3087,"12 July 19, 2016"
3088,"13 July 19, 2016"
3089,"13 July 19, 2016"
3090,"13 July 19, 2016"
3091,"13 July 19, 2016"
3092,"00 March 19, 2016"
3093,"13 July 19, 2016"
3094,"13 July 19, 2016"
3095,"13 July 19, 2016"
3096,"14 July 19, 2016"
3097,"14 July 19, 2016"
3098,"14 July 19, 2016"
3099,"14 July 19, 2016"
3100,"14 July 19, 2016"
3101,"14 July 19, 2016"
3102,"14 July 19, 2016"
3103,"14 July 19, 2016"
3104,"14 July 19, 2016"
3105,"14 July 19, 2016"
3106,"14 July 19, 2016"
3107,"15 July 19, 2016"
3108,"15 July 19, 2016"
3109,"15 July 19, 2016"
3110,"15 July 19, 2016"
3111,"15 July 19, 2016"
3112,"15 July 19, 2016"
3113,"15 July 19, 2016"
3114,"16 July 19, 2016"
3115,"00 November 19, 2053"
3116,"16 July 19, 2016"
3117,"16 July 19, 2016"
3118,"16 July 19, 2016"
3119,"16 July 19, 2016"
3120,"16 July 19, 2016"
3121,"16 July 19, 2016"
3122,"16 July 19, 2016"
3123,"16 July 19, 2016"
3124,"16 July 19, 2016"
3125,"16 July 19, 2016"
3126,"16 July 19, 2016"
3127,"16 July 19, 2016"
3128,"16 July 19, 2016"
3129,"17 July 19, 2016"
3130,"17 July 19, 2016"
3131,"17 July 19, 2016"
3132,"17 July 19, 2016"
3133,"17 July 19, 2016"
3134,"17 July 19, 2016"
3135,"17 July 19, 2016"
3136,"17 July 19, 2016"
3137,"17 July 19, 2016"
3138,"17 July 19, 2016"
3139,"17 July 19, 2016"
3140,"17 July 19, 2016"
3141,"17 July 19, 2016"
3142,"17 July 19, 2016"
3143,"17 July 19, 2016"
3144,"17 July 19, 2016"
3145,"18 July 19, 2016"
3146,"18 July 19, 2016"
3147,"18 July 19, 2016"
3148,"18 July 19, 2016"
3149,"18 July 19, 2016"
3150,"18 July 19, 2016"
3151,"18 July 19, 2016"
3152,"18 July 19, 2016"
3153,"18 July 19, 2016"
3154,"18 July 19, 2016"
3155,"18 July 19, 2016"
3156,"18 July 19, 2016"
3157,"19 July 19, 2016"
3158,"19 July 19, 2016"
3159,"19 July 19, 2016"
3160,"19 July 19, 2016"
3161,"19 July 19, 2016"
3162,"19 July 19, 2016"
3163,"19 July 19, 2016"
3164,"19 July 19, 2016"
3165,"19 July 19, 2016"
3166,"19 July 19, 2016"
3167,"19 July 19, 2016"
3168,"19 July 19, 2016"
3169,"19 July 19, 2016"
3170,"19 July 19, 2016"
3171,"19 July 19, 2016"
3172,"19 July 19, 2016"
3173,"19 July 19, 2016"
3174,"20 July 19, 2016"
3175,"20 July 19, 2016"
3176,"20 July 19, 2016"
3177,"20 July 19, 2016"
3178,"20 July 19, 2016"
3179,"20 July 19, 2016"
3180,"20 July 19, 2016"
3181,"20 July 19, 2016"
3182,"20 July 19, 2016"
3183,"20 July 19, 2016"
3184,"20 July 19, 2016"
3185,"21 July 19, 2016"
3186,"21 July 19, 2016"
3187,"21 July 19, 2016"
3188,"21 July 19, 2016"
3189,"21 July 19, 2016"
3190,"21 July 19, 2016"
3191,"21 July 19, 2016"
3192,"21 July 19, 2016"
3193,"21 July 19, 2016"
3194,"21 July 19, 2016"
3195,"21 July 19, 2016"
3196,"21 July 19, 2016"
3197,"21 July 19, 2016"
3198,"00 November 19, 1999"
3199,"21 July 19, 2016"
3200,"21 July 19, 2016"
3201,"00 November 16, 2016"
3202,"21 July 19, 2016"
3203,"22 July 19, 2016"
3204,"22 July 19, 2016"
3205,"22 July 19, 2016"
3206,"22 July 19, 2016"
3207,"22 July 19, 2016"
3208,"22 July 19, 2016"
3209,"22 July 19, 2016"
3210,"22 July 19, 2016"
3211,"22 July 19, 2016"
3212,"22 July 19, 2016"
3213,"22 July 19, 2016"
3214,"23 July 19, 2016"
3215,"23 July 19, 2016"
3216,"04 January 01, 1900"
3217,"00 November 19, 2016"
3218,"23 July 19, 2016"
3219,"00 July 20, 2016"
3220,"00 July 20, 2016"
3221,"00 July 20, 2016"
3222,"00 July 20, 2016"
3223,"01 July 20, 2016"
3224,"02 July 20, 2016"
3225,"02 July 20, 2016"
3226,"05 July 20, 2016"
3227,"05 July 20, 2016"
3228,"05 July 20, 2016"
3229,"05 July 20, 2016"
3230,"00 November 19, 2042"
3231,"05 July 20, 2016"
3232,"05 July 20, 2016"
3233,"05 July 20, 2016"
3234,"05 July 20, 2016"
3235,"05 July 20, 2016"
3236,"05 July 20, 2016"
3237,"06 July 20, 2016"
3238,"06 July 20, 2016"
3239,"06 July 20, 2016"
3240,"06 July 20, 2016"
3241,"06 July 20, 2016"
3242,"06 July 20, 2016"
3243,"06 July 20, 2016"
3244,"06 July 20, 2016"
3245,"06 July 20, 2016"
3246,"06 July 20, 2016"
3247,"06 July 20, 2016"
3248,"07 July 20, 2016"
3249,"07 July 20, 2016"
3250,"07 July 20, 2016"
3251,"08 July 20, 2016"
3252,"08 July 20, 2016"
3253,"08 July 20, 2016"
3254,"08 July 20, 2016"
3255,"08 July 20, 2016"
3256,"08 July 20, 2016"
3257,"08 July 20, 2016"
3258,"00 January 02, 2016"
3259,"08 July 20, 2016"
3260,"09 July 20, 2016"
3261,"09 July 20, 2016"
3262,"09 July 20, 2016"
3263,"09 July 20, 2016"
3264,"09 July 20, 2016"
3265,"09 July 20, 2016"
3266,"09 July 20, 2016"
3267,"09 July 20, 2016"
3268,"09 July 20, 2016"
3269,"09 July 20, 2016"
3270,"09 July 20, 2016"
3271,"09 July 20, 2016"
3272,"09 July 20, 2016"
3273,"09 July 20, 2016"
3274,"09 July 20, 2016"
3275,"09 July 20, 2016"
3276,"09 July 20, 2016"
3277,"09 July 20, 2016"
3278,"10 July 20, 2016"
3279,"10 July 20, 2016"
3280,"10 July 20, 2016"
3281,"10 July 20, 2016"
3282,"10 July 20, 2016"
3283,"10 July 20, 2016"
3284,"10 July 20, 2016"
3285,"10 July 20, 2016"
3286,"10 July 20, 2016"
3287,"10 July 20, 2016"
3288,"10 July 20, 2016"
3289,"10 July 20, 2016"
3290,"10 July 20, 2016"
3291,"10 July 20, 2016"
3292,"10 July 20, 2016"
3293,"10 July 20, 2016"
3294,"10 July 20, 2016"
3295,"10 July 20, 2016"
3296,"10 July 20, 2016"
3297,"10 July 20, 2016"
3298,"10 July 20, 2016"
3299,"10 July 20, 2016"
3300,"10 July 20, 2016"
3301,"10 July 20, 2016"
3302,"10 July 20, 2016"
3303,"10 July 20, 2016"
3304,"10 July 20, 2016"
3305,"10 July 20, 2016"
3306,"10 July 20, 2016"
3307,"11 July 20, 2016"
3308,"11 July 20, 2016"
3309,"11 July 20, 2016"
3310,"11 July 20, 2016"
3311,"11 July 20, 2016"
3312,"11 July 20, 2016"
3313,"11 July 20, 2016"
3314,"11 July 20, 2016"
3315,"11 July 20, 2016"
3316,"11 July 20, 2016"
3317,"11 July 20, 2016"
3318,"11 July 20, 2016"
3319,"11 July 20, 2016"
3320,"11 July 20, 2016"
3321,"12 July 20, 2016"
3322,"12 July 20, 2016"
3323,"12 July 20, 2016"
3324,"12 July 20, 2016"
3325,"12 July 20, 2016"
3326,"12 July 20, 2016"
3327,"12 July 20, 2016"
3328,"12 July 20, 2016"
3329,"12 July 20, 2016"
3330,"12 July 20, 2016"
3331,"12 July 20, 2016"
3332,"12 July 20, 2016"
3333,"12 July 20, 2016"
3334,"12 July 20, 2016"
3335,"13 July 20, 2016"
3336,"13 July 20, 2016"
3337,"13 July 20, 2016"
3338,"13 July 20, 2016"
3339,"13 July 20, 2016"
3340,"13 July 20, 2016"
3341,"13 July 20, 2016"
3342,"13 July 20, 2016"
3343,"13 July 20, 2016"
3344,"13 July 20, 2016"
3345,"13 July 20, 2016"
3346,"13 July 20, 2016"
3347,"13 July 20, 2016"
3348,"13 July 20, 2016"
3349,"13 July 20, 2016"
3350,"14 July 20, 2016"
3351,"14 July 20, 2016"
3352,"14 July 20, 2016"
3353,"14 July 20, 2016"
3354,"14 July 20, 2016"
3355,"14 July 20, 2016"
3356,"14 July 20, 2016"
3357,"14 July 20, 2016"
3358,"14 July 20, 2016"
3359,"14 July 20, 2016"
3360,"14 July 20, 2016"
3361,"15 July 20, 2016"
3362,"15 July 20, 2016"
3363,"15 July 20, 2016"
3364,"15 July 20, 2016"
3365,"16 July 20, 2016"
3366,"16 July 20, 2016"
3367,"16 July 20, 2016"
3368,"16 July 20, 2016"
3369,"16 July 20, 2016"
3370,"16 July 20, 2016"
3371,"16 July 20, 2016"
3372,"16 July 20, 2016"
3373,"16 July 20, 2016"
3374,"16 July 20, 2016"
3375,"17 July 20, 2016"
3376,"17 July 20, 2016"
3377,"17 July 20, 2016"
3378,"17 July 20, 2016"
3379,"17 July 20, 2016"
3380,"17 July 20, 2016"
3381,"18 July 20, 2016"
3382,"18 July 20, 2016"
3383,"18 July 20, 2016"
3384,"18 July 20, 2016"
3385,"18 July 20, 2016"
3386,"18 July 20, 2016"
3387,"18 July 20, 2016"
3388,"18 July 20, 2016"
3389,"18 July 20, 2016"
3390,"18 July 20, 2016"
3391,"18 July 20, 2016"
3392,"18 July 20, 2016"
3393,"18 July 20, 2016"
3394,"18 July 20, 2016"
3395,"18 July 20, 2016"
3396,"00 November 26, 2016"
3397,"19 July 20, 2016"
3398,"19 July 20, 2016"
3399,"19 July 20, 2016"
3400,"19 July 20, 2016"
3401,"19 July 20, 2016"
3402,"19 July 20, 2016"
3403,"19 July 20, 2016"
3404,"19 July 20, 2016"
3405,"19 July 20, 2016"
3406,"19 July 20, 2016"
3407,"19 July 20, 2016"
3408,"20 July 20, 2016"
3409,"20 July 20, 2016"
3410,"20 July 20, 2016"
3411,"20 July 20, 2016"
3412,"20 July 20, 2016"
3413,"20 July 20, 2016"
3414,"20 July 20, 2016"
3415,"20 July 20, 2016"
3416,"20 July 20, 2016"
3417,"20 July 20, 2016"
3418,"20 July 20, 2016"
3419,"20 July 20, 2016"
3420,"20 July 20, 2016"
3421,"20 July 20, 2016"
3422,"20 July 20, 2016"
3423,"20 July 20, 2016"
3424,"20 July 20, 2016"
3425,"20 July 20, 2016"
3426,"20 July 20, 2016"
3427,"20 July 20, 2016"
3428,"20 July 20, 2016"
3429,"20 July 20, 2016"
3430,"20 July 20, 2016"
3431,"20 July 20, 2016"
3432,"21 July 20, 2016"
3433,"21 July 20, 2016"
3434,"21 July 20, 2016"
3435,"21 July 20, 2016"
3436,"21 July 20, 2016"
3437,"21 July 20, 2016"
3438,"21 July 20, 2016"
3439,"21 July 20, 2016"
3440,"21 July 20, 2016"
3441,"21 July 20, 2016"
3442,"21 July 20, 2016"
3443,"21 July 20, 2016"
3444,"22 July 20, 2016"
3445,"22 July 20, 2016"
3446,"22 July 20, 2016"
3447,"22 July 20, 2016"
3448,"22 July 20, 2016"
3449,"22 July 20, 2016"
3450,"22 July 20, 2016"
3451,"22 July 20, 2016"
3452,"22 July 20, 2016"
3453,"22 July 20, 2016"
3454,"22 July 20, 2016"
3455,"22 July 20, 2016"
3456,"22 July 20, 2016"
3457,"22 July 20, 2016"
3458,"22 July 20, 2016"
3459,"23 July 20, 2016"
3460,"23 July 20, 2016"
3461,"23 July 20, 2016"
3462,"23 July 20, 2016"
3463,"23 July 20, 2016"
3464,"23 July 20, 2016"
3465,"00 July 21, 2016"
3466,"00 July 21, 2016"
3467,"02 July 21, 2016"
3468,"02 July 21, 2016"
3469,"04 July 21, 2016"
3470,"05 July 21, 2016"
3471,"05 July 21, 2016"
3472,"05 July 21, 2016"
3473,"05 July 21, 2016"
3474,"05 July 21, 2016"
3475,"05 July 21, 2016"
3476,"06 July 21, 2016"
3477,"06 July 21, 2016"
3478,"06 July 21, 2016"
3479,"06 July 21, 2016"
3480,"06 July 21, 2016"
3481,"06 July 21, 2016"
3482,"07 July 21, 2016"
3483,"07 July 21, 2016"
3484,"07 July 21, 2016"
3485,"07 July 21, 2016"
3486,"07 July 21, 2016"
3487,"07 July 21, 2016"
3488,"00 November 19, 2044"
3489,"07 July 21, 2016"
3490,"08 July 21, 2016"
3491,"08 July 21, 2016"
3492,"08 July 21, 2016"
3493,"08 July 21, 2016"
3494,"08 July 21, 2016"
3495,"08 July 21, 2016"
3496,"08 July 21, 2016"
3497,"08 July 21, 2016"
3498,"08 July 21, 2016"
3499,"08 July 21, 2016"
3500,"08 July 21, 2016"
3501,"08 July 21, 2016"
3502,"08 July 21, 2016"
3503,"08 July 21, 2016"
3504,"09 July 21, 2016"
3505,"09 July 21, 2016"
3506,"09 July 21, 2016"
3507,"09 July 21, 2016"
3508,"09 July 21, 2016"
3509,"09 July 21, 2016"
3510,"09 July 21, 2016"
3511,"09 July 21, 2016"
3512,"09 July 21, 2016"
3513,"09 July 21, 2016"
3514,"09 July 21, 2016"
3515,"09 July 21, 2016"
3516,"09 July 21, 2016"
3517,"09 July 21, 2016"
3518,"10 July 21, 2016"
3519,"10 July 21, 2016"
3520,"10 July 21, 2016"
3521,"10 July 21, 2016"
3522,"10 July 21, 2016"
3523,"10 July 21, 2016"
3524,"10 July 21, 2016"
3525,"10 July 21, 2016"
3526,"10 July 21, 2016"
3527,"10 July 21, 2016"
3528,"10 July 21, 2016"
3529,"10 July 21, 2016"
3530,"06 January 01, 1900"
3531,"10 July 21, 2016"
3532,"10 July 21, 2016"
3533,"10 July 21, 2016"
3534,"10 July 21, 2016"
3535,"10 July 21, 2016"
3536,"10 July 21, 2016"
3537,"10 July 21, 2016"
3538,"11 July 21, 2016"
3539,"11 July 21, 2016"
3540,"11 July 21, 2016"
3541,"11 July 21, 2016"
3542,"11 July 21, 2016"
3543,"11 July 21, 2016"
3544,"11 July 21, 2016"
3545,"11 July 21, 2016"
3546,"11 July 21, 2016"
3547,"11 July 21, 2016"
3548,"11 July 21, 2016"
3549,"11 July 21, 2016"
3550,"11 July 21, 2016"
3551,"11 July 21, 2016"
3552,"11 July 21, 2016"
3553,"11 July 21, 2016"
3554,"11 July 21, 2016"
3555,"11 July 21, 2016"
3556,"11 July 21, 2016"
3557,"11 July 21, 2016"
3558,"11 July 21, 2016"
3559,"12 July 21, 2016"
3560,"12 July 21, 2016"
3561,"12 July 21, 2016"
3562,"12 July 21, 2016"
3563,"12 July 21, 2016"
3564,"12 July 21, 2016"
3565,"12 July 21, 2016"
3566,"12 July 21, 2016"
3567,"12 July 21, 2016"
3568,"12 July 21, 2016"
3569,"13 July 21, 2016"
3570,"13 July 21, 2016"
3571,"13 July 21, 2016"
3572,"13 July 21, 2016"
3573,"13 July 21, 2016"
3574,"13 July 21, 2016"
3575,"13 July 21, 2016"
3576,"13 July 21, 2016"
3577,"14 July 21, 2016"
3578,"14 July 21, 2016"
3579,"14 July 21, 2016"
3580,"14 July 21, 2016"
3581,"14 July 21, 2016"
3582,"14 July 21, 2016"
3583,"14 July 21, 2016"
3584,"14 July 21, 2016"
3585,"14 July 21, 2016"
3586,"14 July 21, 2016"
3587,"14 July 21, 2016"
3588,"14 July 21, 2016"
3589,"14 July 21, 2016"
3590,"14 July 21, 2016"
3591,"14 July 21, 2016"
3592,"15 July 21, 2016"
3593,"15 July 21, 2016"
3594,"15 July 21, 2016"
3595,"15 July 21, 2016"
3596,"15 July 21, 2016"
3597,"15 July 21, 2016"
3598,"15 July 21, 2016"
3599,"15 July 21, 2016"
3600,"15 July 21, 2016"
3601,"15 July 21, 2016"
3602,"15 July 21, 2016"
3603,"15 July 21, 2016"
3604,"16 July 21, 2016"
3605,"16 July 21, 2016"
3606,"16 July 21, 2016"
3607,"16 July 21, 2016"
3608,"16 July 21, 2016"
3609,"16 July 21, 2016"
3610,"16 July 21, 2016"
3611,"17 July 21, 2016"
3612,"17 July 21, 2016"
3613,"17 July 21, 2016"
3614,"17 July 21, 2016"
3615,"17 July 21, 2016"
3616,"17 July 21, 2016"
3617,"17 July 21, 2016"
3618,"17 July 21, 2016"
3619,"17 July 21, 2016"
3620,"02 January 01, 1900"
3621,"17 July 21, 2016"
3622,"17 July 21, 2016"
3623,"17 July 21, 2016"
3624,"17 July 21, 2016"
3625,"18 July 21, 2016"
3626,"18 July 21, 2016"
3627,"18 July 21, 2016"
3628,"18 July 21, 2016"
3629,"18 July 21, 2016"
3630,"18 July 21, 2016"
3631,"18 July 21, 2016"
3632,"18 July 21, 2016"
3633,"18 July 21, 2016"
3634,"18 July 21, 2016"
3635,"18 July 21, 2016"
3636,"18 July 21, 2016"
3637,"18 July 21, 2016"
3638,"18 July 21, 2016"
3639,"18 July 21, 2016"
3640,"18 July 21, 2016"
3641,"18 July 21, 2016"
3642,"18 July 21, 2016"
3643,"18 July 21, 2016"
3644,"19 July 21, 2016"
3645,"19 July 21, 2016"
3646,"19 July 21, 2016"
3647,"19 July 21, 2016"
3648,"19 July 21, 2016"
3649,"19 July 21, 2016"
3650,"19 July 21, 2016"
3651,"19 July 21, 2016"
3652,"19 July 21, 2016"
3653,"19 July 21, 2016"
3654,"19 July 21, 2016"
3655,"19 July 21, 2016"
3656,"19 July 21, 2016"
3657,"19 July 21, 2016"
3658,"19 July 21, 2016"
3659,"19 July 21, 2016"
3660,"19 July 21, 2016"
3661,"19 July 21, 2016"
3662,"19 July 21, 2016"
3663,"19 July 21, 2016"
3664,"19 July 21, 2016"
3665,"19 July 21, 2016"
3666,"19 July 21, 2016"
3667,"19 July 21, 2016"
3668,"20 July 21, 2016"
3669,"20 July 21, 2016"
3670,"20 July 21, 2016"
3671,"20 July 21, 2016"
3672,"20 July 21, 2016"
3673,"20 July 21, 2016"
3674,"20 July 21, 2016"
3675,"20 July 21, 2016"
3676,"20 July 21, 2016"
3677,"20 July 21, 2016"
3678,"20 July 21, 2016"
3679,"20 July 21, 2016"
3680,"20 July 21, 2016"
3681,"20 July 21, 2016"
3682,"20 July 21, 2016"
3683,"20 July 21, 2016"
3684,"20 July 21, 2016"
3685,"20 July 21, 2016"
3686,"21 July 21, 2016"
3687,"21 July 21, 2016"
3688,"21 July 21, 2016"
3689,"21 July 21, 2016"
3690,"21 July 21, 2016"
3691,"21 July 21, 2016"
3692,"21 July 21, 2016"
3693,"21 July 21, 2016"
3694,"21 July 21, 2016"
3695,"21 July 21, 2016"
3696,"22 July 21, 2016"
3697,"22 July 21, 2016"
3698,"22 July 21, 2016"
3699,"22 July 21, 2016"
3700,"00 March 18, 2016"
3701,"22 July 21, 2016"
3702,"22 July 21, 2016"
3703,"22 July 21, 2016"
3704,"22 July 21, 2016"
3705,"22 July 21, 2016"
3706,"22 July 21, 2016"
3707,"23 July 21, 2016"
3708,"23 July 21, 2016"
3709,"23 July 21, 2016"
3710,"23 July 21, 2016"
3711,"23 July 21, 2016"
3712,"23 July 21, 2016"
3713,"23 July 21, 2016"
3714,"23 July 21, 2016"
3715,"23 July 21, 2016"
3716,"23 July 21, 2016"
3717,"23 July 21, 2016"
3718,"00 July 22, 2016"
3719,"00 July 22, 2016"
3720,"00 July 22, 2016"
3721,"00 July 22, 2016"
3722,"00 July 22, 2016"
3723,"01 July 22, 2016"
3724,"01 July 22, 2016"
3725,"04 November 19, 2016"
3726,"04 July 22, 2016"
3727,"04 July 22, 2016"
3728,"05 July 22, 2016"
3729,"05 July 22, 2016"
3730,"05 July 22, 2016"
3731,"05 July 22, 2016"
3732,"05 July 22, 2016"
3733,"05 July 22, 2016"
3734,"00 May 19, 2016"
3735,"06 July 22, 2016"
3736,"06 July 22, 2016"
3737,"06 July 22, 2016"
3738,"09 November 19, 2016"
3739,"06 July 22, 2016"
3740,"06 July 22, 2016"
3741,"06 July 22, 2016"
3742,"06 July 22, 2016"
3743,"06 July 22, 2016"
3744,"06 July 22, 2016"
3745,"06 July 22, 2016"
3746,"06 July 22, 2016"
3747,"07 July 22, 2016"
3748,"07 July 22, 2016"
3749,"07 July 22, 2016"
3750,"07 July 22, 2016"
3751,"07 July 22, 2016"
3752,"07 July 22, 2016"
3753,"07 July 22, 2016"
3754,"07 July 22, 2016"
3755,"07 July 22, 2016"
3756,"07 July 22, 2016"
3757,"07 July 22, 2016"
3758,"07 July 22, 2016"
3759,"07 July 22, 2016"
3760,"07 July 22, 2016"
3761,"07 July 22, 2016"
3762,"07 July 22, 2016"
3763,"00 November 19, 1907"
3764,"07 July 22, 2016"
3765,"08 July 22, 2016"
3766,"08 July 22, 2016"
3767,"08 July 22, 2016"
3768,"08 July 22, 2016"
3769,"08 July 22, 2016"
3770,"08 July 22, 2016"
3771,"08 July 22, 2016"
3772,"08 July 22, 2016"
3773,"08 July 22, 2016"
3774,"08 July 22, 2016"
3775,"08 July 22, 2016"
3776,"08 July 22, 2016"
3777,"08 July 22, 2016"
3778,"08 July 22, 2016"
3779,"08 July 22, 2016"
3780,"08 July 22, 2016"
3781,"09 July 22, 2016"
3782,"09 July 22, 2016"
3783,"09 July 22, 2016"
3784,"09 July 22, 2016"
3785,"09 July 22, 2016"
3786,"09 July 22, 2016"
3787,"09 July 22, 2016"
3788,"09 July 22, 2016"
3789,"09 July 22, 2016"
3790,"09 July 22, 2016"
3791,"09 July 22, 2016"
3792,"09 July 22, 2016"
3793,"09 July 22, 2016"
3794,"09 July 22, 2016"
3795,"09 July 22, 2016"
3796,"09 July 22, 2016"
3797,"09 July 22, 2016"
3798,"09 July 22, 2016"
3799,"09 July 22, 2016"
3800,"09 July 22, 2016"
3801,"09 July 22, 2016"
3802,"09 July 22, 2016"
3803,"09 July 22, 2016"
3804,"09 July 22, 2016"
3805,"09 July 22, 2016"
3806,"09 July 22, 2016"
3807,"09 July 22, 2016"
3808,"09 July 22, 2016"
3809,"09 July 22, 2016"
3810,"09 July 22, 2016"
3811,"00 April 19, 2016"
3812,"09 July 22, 2016"
3813,"09 July 22, 2016"
3814,"09 July 22, 2016"
3815,"09 July 22, 2016"
3816,"09 July 22, 2016"
3817,"10 July 22, 2016"
3818,"10 July 22, 2016"
3819,"10 July 22, 2016"
3820,"10 July 22, 2016"
3821,"10 July 22, 2016"
3822,"10 July 22, 2016"
3823,"10 July 22, 2016"
3824,"10 July 22, 2016"
3825,"10 July 22, 2016"
3826,"10 July 22, 2016"
3827,"10 July 22, 2016"
3828,"10 July 22, 2016"
3829,"10 July 22, 2016"
3830,"10 July 22, 2016"
3831,"10 July 22, 2016"
3832,"10 July 22, 2016"
3833,"10 July 22, 2016"
3834,"10 July 22, 2016"
3835,"10 July 22, 2016"
3836,"11 July 22, 2016"
3837,"11 July 22, 2016"
3838,"11 July 22, 2016"
3839,"11 July 22, 2016"
3840,"11 July 22, 2016"
3841,"11 July 22, 2016"
3842,"11 July 22, 2016"
3843,"11 July 22, 2016"
3844,"11 July 22, 2016"
3845,"11 July 22, 2016"
3846,"11 July 22, 2016"
3847,"11 July 22, 2016"
3848,"11 July 22, 2016"
3849,"11 July 22, 2016"
3850,"11 July 22, 2016"
3851,"11 July 22, 2016"
3852,"03 April 05, 2046"
3853,"11 July 22, 2016"
3854,"12 July 22, 2016"
3855,"12 July 22, 2016"
3856,"12 July 22, 2016"
3857,"12 July 22, 2016"
3858,"12 July 22, 2016"
3859,"12 July 22, 2016"
3860,"12 July 22, 2016"
3861,"12 July 22, 2016"
3862,"02 November 19, 2016"
3863,"12 July 22, 2016"
3864,"12 July 22, 2016"
3865,"12 July 22, 2016"
3866,"12 July 22, 2016"
3867,"12 July 22, 2016"
3868,"13 July 22, 2016"
3869,"13 July 22, 2016"
3870,"13 July 22, 2016"
3871,"13 July 22, 2016"
3872,"13 July 22, 2016"
3873,"13 July 22, 2016"
3874,"13 July 22, 2016"
3875,"13 July 22, 2016"
3876,"13 July 22, 2016"
3877,"13 July 22, 2016"
3878,"13 July 22, 2016"
3879,"13 July 22, 2016"
3880,"13 July 22, 2016"
3881,"13 July 22, 2016"
3882,"13 July 22, 2016"
3883,"14 July 22, 2016"
3884,"14 July 22, 2016"
3885,"14 July 22, 2016"
3886,"14 July 22, 2016"
3887,"14 July 22, 2016"
3888,"14 July 22, 2016"
3889,"14 July 22, 2016"
3890,"14 July 22, 2016"
3891,"14 July 22, 2016"
3892,"15 July 22, 2016"
3893,"15 July 22, 2016"
3894,"00 November 19, 2016"
3895,"15 July 22, 2016"
3896,"15 July 22, 2016"
3897,"15 July 22, 2016"
3898,"15 July 22, 2016"
3899,"15 July 22, 2016"
3900,"15 July 22, 2016"
3901,"16 July 22, 2016"
3902,"16 July 22, 2016"
3903,"16 July 22, 2016"
3904,"16 July 22, 2016"
3905,"16 July 22, 2016"
3906,"16 July 22, 2016"
3907,"16 July 22, 2016"
3908,"16 July 22, 2016"
3909,"17 July 22, 2016"
3910,"17 July 22, 2016"
3911,"17 July 22, 2016"
3912,"17 July 22, 2016"
3913,"12 January 06, 2523"
3914,"17 July 22, 2016"
3915,"17 July 22, 2016"
3916,"17 July 22, 2016"
3917,"17 July 22, 2016"
3918,"00 January 19, 2016"
3919,"17 July 22, 2016"
3920,"17 July 22, 2016"
3921,"17 July 22, 2016"
3922,"17 July 22, 2016"
3923,"18 July 22, 2016"
3924,"18 July 22, 2016"
3925,"18 July 22, 2016"
3926,"18 July 22, 2016"
3927,"18 July 22, 2016"
3928,"18 July 22, 2016"
3929,"18 July 22, 2016"
3930,"18 July 22, 2016"
3931,"18 July 22, 2016"
3932,"18 July 22, 2016"
3933,"18 July 22, 2016"
3934,"18 July 22, 2016"
3935,"18 July 22, 2016"
3936,"18 July 22, 2016"
3937,"18 July 22, 2016"
3938,"18 July 22, 2016"
3939,"18 July 22, 2016"
3940,"18 July 22, 2016"
3941,"18 July 22, 2016"
3942,"19 July 22, 2016"
3943,"19 July 22, 2016"
3944,"19 July 22, 2016"
3945,"19 July 22, 2016"
3946,"19 July 22, 2016"
3947,"19 July 22, 2016"
3948,"19 July 22, 2016"
3949,"19 July 22, 2016"
3950,"19 July 22, 2016"
3951,"19 July 22, 2016"
3952,"19 July 22, 2016"
3953,"19 July 22, 2016"
3954,"19 July 22, 2016"
3955,"19 July 22, 2016"
3956,"19 July 22, 2016"
3957,"20 July 22, 2016"
3958,"20 July 22, 2016"
3959,"20 July 22, 2016"
3960,"20 July 22, 2016"
3961,"20 July 22, 2016"
3962,"20 July 22, 2016"
3963,"20 July 22, 2016"
3964,"20 July 22, 2016"
3965,"20 July 22, 2016"
3966,"20 July 22, 2016"
3967,"20 July 22, 2016"
3968,"20 July 22, 2016"
3969,"20 July 22, 2016"
3970,"20 July 22, 2016"
3971,"20 July 22, 2016"
3972,"20 July 22, 2016"
3973,"20 July 22, 2016"
3974,"21 July 22, 2016"
3975,"21 July 22, 2016"
3976,"21 July 22, 2016"
3977,"21 July 22, 2016"
3978,"21 July 22, 2016"
3979,"21 July 22, 2016"
3980,"21 July 22, 2016"
3981,"21 July 22, 2016"
3982,"01 January 01, 1900"
3983,"21 July 22, 2016"
3984,"21 July 22, 2016"
3985,"21 July 22, 2016"
3986,"21 July 22, 2016"
3987,"21 July 22, 2016"
3988,"21 July 22, 2016"
3989,"21 July 22, 2016"
3990,"22 July 22, 2016"
3991,"23 July 22, 2016"
3992,"23 July 22, 2016"
3993,"23 July 22, 2016"
3994,"23 July 22, 2016"
3995,"23 July 22, 2016"
3996,"23 July 22, 2016"
3997,"23 July 22, 2016"
